AUSTRALIAN NATIONAL UNI LPO,ACT,-35.277272,149.117136
NULL,ACT,-35.201372,149.095065
DARWIN DELIVERY CENTRE,NT,-12.801028,130.955789
PARAP,NT,-12.432181,130.84331
CASUARINA,NT,-12.376597,130.850489
NIGHTCLIFF,NT,-12.382572,130.853877
WINNELLIE,NT,-12.426641,130.882367
BERRIMAH,NT,-12.474896,130.907378
PALMERSTON DC,NT,-12.487233,130.972637
HOWARD SPRINGS LPO,NT,-12.48138,131.029173
HUMPTY DOO LPO,NT,-12.525546,131.103025
NOONAMAH CMA,NT,-12.460094,130.842663
BATCHELOR,NT,-13.038663,131.072091
ADELAIDE RIVER,NT,-13.226806,131.098416
PINE CREEK,NT,-13.824123,131.835799
KATHERINE POST SHOP,NT,-14.464497,132.262021
TENNANT CREEK POST SHOP,NT,-19.648306,134.186642
ALICE SPRINGS DC,NT,-12.436101,130.84059
NHULUNBUY,NT,-12.378064,130.871791
JABIRU,NT,-12.381028,130.893097
DARWIN MC,NT,-12.426641,130.882367
EAST SUBS MC,NSW,-33.794883,151.268071
GPO BOX CENTRE,NSW,-33.794883,151.268071
SYDNEY WEST LETTERS FACILITY,NSW,-33.794883,151.268071
SYDNEY GPO,NSW,-33.794883,151.268071
CITY PBC OPERATIONS,NSW,-33.664575,150.87022
AUSTRALIA SQUARE POST SHOP,NSW,-33.891788,151.176251
GROSVENOR PLACE POST SHOP,NSW,-33.741311,151.034025
ROYAL EXCHANGE POST SHOP,NSW,-33.86533,151.207905
QUEEN VICTORIA BUILD POST SHOP,NSW,-33.871749,151.206708
SYDNEY SOUTH-RET,NSW,-33.815551,151.042528
SYDNEY SOUTH POST SHOP,NSW,-33.815551,151.042528
HAYMARKET POST SHOP,NSW,-29.816475,151.659454
DARLINGHURST POST SHOP,NSW,-33.877331,151.220876
POTTS POINT POST SHOP,NSW,-33.82269,151.117575
KINGS CROSS POST SHOP,NSW,-35.537721,148.021014
BONDI JUNCTION POST SHOP,NSW,-33.893739,151.262502
DOUBLE BAY POST SHOP,NSW,-33.87584,151.241938
STRAWBERRY HILLS BC,NSW,-33.726098,150.931838
ALEXANDRIA DF,NSW,-33.890232,151.199489
ALEXANDRIA POST SHOP,NSW,-33.711785,151.108248
WATERLOO DELIVERY FACILITY,NSW,-33.902836,151.057914
ROSEBERY POST SHOP,NSW,-34.083089,151.007691
CAMPERDOWN BC,NSW,-30.305815,153.13679
BOTANY POST SHOP,NSW,-33.947087,151.197644
MASCOT POST SHOP,NSW,-33.926669,151.210791
KENSINGTON POST SHOP,NSW,-33.888549,151.140735
UNIVERSITY OF NSW LPO,NSW,-33.906561,151.234417
DRUMMOYNE POST SHOP,NSW,-33.842999,151.151958
MARRICKVILLE POST SHOP,NSW,-33.90911,151.15334
KINGSGROVE POST SHOP,NSW,-33.935923,151.100027
STH SUBS MC,NSW,-34.035878,151.107201
HURSTVILLE DC,NSW,-33.975869,151.088939
CARINGBAH POST SHOP,NSW,-34.046927,151.123943
WEST CHATSWOOD POST SHOP,NSW,-33.824607,151.207261
MILSONS POINT,NSW,-33.865367,151.193071
ARTARMON POST SHOP,NSW,-33.808087,151.192733
CROWS NEST POST SHOP,NSW,-33.83459,151.20085
ST LEONARDS POST SHOP,NSW,-33.292001,151.468652
LANE COVE POST SHOP,NSW,-33.791875,151.187955
HORNSBY POST SHOP,NSW,-33.707684,151.099812
FRENCHS FOREST DEL FAC,NSW,-33.793137,151.246751
FRENCHS FOREST POST SHOP,NSW,-33.793137,151.246751
MANLY POST SHOP,NSW,-33.329799,151.505125
MONA VALE POST SHOP,NSW,-33.698773,151.216799
GLADESVILLE POST SHOP,NSW,-33.833033,151.139681
RYDE POST SHOP,NSW,-33.761498,151.137807
WEST RYDE POST SHOP,NSW,-33.80406,151.09064
ERMINGTON POST SHOP,NSW,-33.950299,151.206982
EPPING POST SHOP,NSW,-33.78417,151.116696
PENNANT HILLS POST SHOP,NSW,-33.758433,151.049106
SEVEN HILLS POST SHOP,NSW,-33.760263,150.966912
PARRAMATTA CBD BC,NSW,-33.886166,151.139472
NORTH PARRAMATTA POST SHOP,NSW,-33.857053,151.023102
BAULKHAM HILLS POST SHOP,NSW,-33.767239,150.968177
CASTLE HILL POST SHOP,NSW,-33.735906,151.030535
ST MARYS,NSW,-33.859047,151.19554
ASHFIELD POST SHOP,NSW,-34.096505,150.778939
BURWOOD POST SHOP,NSW,-33.891556,151.10082
SILVERWATER BC,NSW,-33.82328,151.051375
STRATHFIELD,NSW,-33.877139,151.093326
GRANVILLE,NSW,-33.859289,150.948582
AUBURN POST SHOP,NSW,-33.883928,151.023796
FAIRFIELD POST SHOP,NSW,-33.850457,150.961124
LIVERPOOL POST SHOP,NSW,-33.888327,151.103632
MOOREBANK POST SHOP,NSW,-33.954639,150.92236
BANKSTOWN POST SHOP,NSW,-33.907417,151.024581
INGLEBURN POST SHOP,NSW,-33.960035,150.802088
MILPERRA LPO,NSW,-33.932221,151.000183
GPO BOX CENTRE SYDNEY,NSW,-33.794883,151.268071
WORLD SQUARE,NSW,-35.974434,146.40506
SYDNEY UNIVERSITY LPO,NSW,-33.887926,151.186923
BROADWAY POST SHOP,NSW,-33.884366,151.196502
SYD INTERNATIONAL AIRPORT LPO,NSW,-33.931479,151.184989
ROSE BAY NORTH LPO,NSW,-33.866555,151.280456
CLOVELLY WEST LPO,NSW,-33.911604,151.254892
ST PAULS LPO,NSW,-33.920227,151.242689
MAROUBRA SOUTH LPO,NSW,-33.948856,151.246592
LIDCOMBE DELIVERY CENTRE,NSW,-33.880496,151.138839
PETERSHAM NORTH LPO,NSW,-33.889283,151.158575
MISSENDEN ROAD LPO,NSW,-33.888668,151.181531
ST LEONARDS DF,NSW,-33.802837,151.104935
CHATSWOOD POST SHOP,NSW,-33.791988,151.1899
NORTH SYDNEY POST SHOP,NSW,-33.802837,151.104935
WILLOUGHBY NORTH LPO,NSW,-33.793089,151.195787
PYMBLE DC,NSW,-33.766415,151.186095
LINDFIELD WEST LPO,NSW,-33.784382,151.158141
THORNLEIGH DC,NSW,-33.720999,151.097331
FRENCHS FOREST DEL FAC-DEL,NSW,-33.619578,151.203831
BELROSE WEST LPO,NSW,-33.761674,151.278773
ST LEONARDS DEL FAC CPM,NSW,-33.829077,151.24409
SPIT JUNCTION POST SHOP,NSW,-33.822964,151.242292
NEUTRAL BAY JUNCTION POST SHOP,NSW,-33.831529,151.222401
CREMORNE JUNCTION POST SHOP,NSW,-33.843075,151.228923
MANLY EAST LPO,NSW,-33.801822,151.288876
COLLAROY BEACH LPO,NSW,-33.732122,151.301232
COLLAROY PLATEAU WEST LPO,NSW,-33.728047,151.286514
WHEELER HEIGHTS LPO,NSW,-33.732476,151.277439
WARRINGAH MALL POST SHOP,NSW,-33.767737,151.266062
NORTH RYDE DC,NSW,-33.774321,151.111988
BORONIA PARK LPO,NSW,-33.820941,151.140067
MONASH PARK LPO,NSW,-33.82248,151.125215
MACQUARIE CENTRE POST SHOP,NSW,-33.777139,151.120702
RYDALMERE DC,NSW,-33.814144,151.054495
PARRAMATTA DC,NSW,-33.799405,151.044189
CARLINGFORD FRANCHISE,NSW,-33.776166,151.0524
CARLINGFORD NORTH LPO,NSW,-33.763237,151.047719
KINGSDENE LPO,NSW,-33.784272,151.02806
DURAL DC,NSW,-33.753676,151.039113
SYDNEY MARKETS LPO,NSW,-33.871209,151.191884
CROYDON PARK DC,NSW,-33.891712,151.137258
ENFIELD SOUTH LPO,NSW,-33.895575,151.093456
BURWOOD NORTH LPO,NSW,-33.876154,151.103933
HOMEBUSH SOUTH LPO,NSW,-33.867767,151.08447
LIDCOMBE NORTH LPO,NSW,-33.854197,151.047419
BLAXCELL LPO,NSW,-33.853251,151.008129
LEIGHTONFIELD DF,NSW,-33.816872,151.022191
SEVEN HILLS DF,NSW,-33.799843,150.947276
TOONGABBIE EAST LPO,NSW,-33.788155,150.960639
BLACKTOWN WESTPOINT POST SHOP,NSW,-33.770162,150.905148
PARRAMATTA WESTFIELD POST SHOP,NSW,-33.817717,151.001359
ROUND CORNER LPO,NSW,-33.695103,151.017906
SMITHFIELD WEST LPO,NSW,-33.850834,150.922215
PRESTONS DC,NSW,-33.971305,150.894517
CASULA MALL LPO,NSW,-33.950422,150.909367
LIVERPOOL WESTFIELD POST SHOP,NSW,-33.918951,150.923868
NARELLAN DC,NSW,-33.883696,150.853171
LAKEMBA DC,NSW,-33.892441,151.055898
YAGOONA WEST LPO,NSW,-33.918726,151.037007
BANKSTOWN NORTH LPO,NSW,-33.904622,151.039298
BANKSTOWN SQUARE POST SHOP,NSW,-33.916017,151.038538
MANAHAN LPO,NSW,-33.916293,151.005545
MOUNT LEWIS LPO,NSW,-33.917157,151.047838
MARRICKVILLE METRO LPO,NSW,-33.906781,151.171858
MARRICKVILLE SOUTH LPO,NSW,-33.915178,151.151568
ROCKDALE DC,NSW,-33.936592,151.146805
KINGSGROVE DC,NSW,-33.925357,151.103282
BEXLEY SOUTH LPO,NSW,-33.959548,151.117388
PEAKHURST DC,NSW,-33.982956,151.046942
REVESBY NORTH LPO,NSW,-33.943582,151.007296
HURSTVILLE WESTFIELD POST SHOP,NSW,-33.965517,151.104903
TAREN POINT DC,NSW,-33.997972,151.096235
SYLVANIA SOUTHGATE LPO,NSW,-34.009895,151.104166
KIRRAWEE DC,NSW,-33.997441,151.087892
MENAI CENTRAL LPO,NSW,-33.998425,151.063767
GOSFORD DC,NSW,-33.111273,151.138861
ERINA FAIR LPO,NSW,-33.437221,151.394139
TERRIGAL DC,NSW,-33.464937,151.432387
WOY WOY DC,NSW,-33.503434,151.327632
CHARMHAVEN  DC,NSW,-33.265998,151.403858
LONG JETTY DC,NSW,-33.381213,151.479104
BAY VILLAGE LPO,NSW,-33.376325,151.473838
CHARMHAVEN DC,NSW,-33.271922,151.544045
MORISSET DC,NSW,-33.095642,151.553169
EDGEWORTH DC,NSW,-33.071491,151.584366
GATESHEAD DC,NSW,-33.036057,151.660563
HAMILTON DC,NSW,-32.890844,151.690829
WALLSEND SOUTH LPO,NSW,-32.920748,151.675016
KOTARA SOUTH,NSW,-32.950811,151.694264
HEATHERBREA DC,NSW,-32.854436,151.810346
KOTARA EAST LPO,NSW,-32.934986,151.707216
HUNTER REGION MC,NSW,-35.125235,147.322357
DANGAR LPO,NSW,-30.352158,148.890775
GRESFORD EAST,NSW,-32.363343,151.536229
NABIAC LPO,NSW,-32.148267,152.361412
WILLIAMTOWN,NSW,-32.797365,151.83699
NELSON BAY DC,NSW,-32.721158,152.106782
METFORD DC,NSW,-32.694656,151.534607
MAITLAND NORTH LPO,NSW,-32.714976,151.528575
CLARENCE TOWN LPO,NSW,-32.583661,151.779596
HEDDON GRETA,NSW,-32.784916,151.523259
LOCHINVAR LPO,NSW,-32.699039,151.45479
TEA GARDENS LPO,NSW,-32.662213,152.074063
KARUAH,NSW,-32.664342,152.018722
RAYMOND TERRACE EAST LPO,NSW,-32.760671,151.776788
CESSNOCK DC,NSW,-32.8442,151.376514
CESSNOCK WEST LPO,NSW,-32.840026,151.341115
PAXTON LPO,NSW,-32.902045,151.279669
DENMAN LPO,NSW,-32.457341,150.741969
CASSILIS LPO,NSW,-31.50643,150.642146
MERRIWA LPO,NSW,-32.139419,150.355719
SINGLETON DC,NSW,-32.512305,150.864848
SINGLETON MILPO LPO,NSW,-32.688569,151.180153
MUSWELLBROOK DC,NSW,-32.389105,150.470217
SANDY HOLLOW LPO,NSW,-32.520217,150.454381
GRETA LPO,NSW,-32.677443,151.388741
BRANXTON LPO,NSW,-32.653434,151.275212
ABERDEEN LPO,NSW,-32.162396,150.890118
SCONE DELIVERY,NSW,-31.993284,151.124461
MURRURUNDI LPO,NSW,-31.734505,150.785588
WILLOW TREE LPO,NSW,-31.773148,150.615611
TAMWORTH DC,NSW,-30.964928,150.825148
WESTDALE LPO,NSW,-31.272046,150.96962
WERRIS CREEK LPO,NSW,-31.345921,150.619915
CURRABUBULA LPO,NSW,-31.262722,150.734256
QUIRINDI DELIVERY,NSW,-31.65821,150.30281
SPRING RIDGE LPO,NSW,-31.553061,150.239451
CAROONA LPO,NSW,-31.399114,150.427946
DURI LPO,NSW,-31.219024,150.819076
ATTUNGA LPO,NSW,-30.930991,150.847933
MANILLA LPO,NSW,-30.609264,150.50534
BARRABA LPO,NSW,-30.527226,150.44311
ARMIDALE DC,NSW,-30.240605,152.012929
UNIVERSITY OF NEW ENGLAND LPO,NSW,-30.49299,151.639714
KOOTINGAL LPO,NSW,-31.057413,151.054338
MOONBI,NSW,-30.951431,151.045963
WALCHA LPO,NSW,-31.266104,151.549993
WALCHA DELIVERY,NSW,-30.944669,151.402728
BENDEMEER LPO,NSW,-30.878399,151.159905
GWABEGAR LPO,NSW,-30.619798,148.96949
COONABARABRAN DELIVERY,NSW,-31.50933,149.793251
URALLA LPO,NSW,-30.588547,151.556745
BUNDARRA LPO,NSW,-29.996058,151.080554
INVERELL DC,NSW,-29.83895,151.041719
ASHFORD LPO,NSW,-29.321245,151.096081
GUYRA LPO,NSW,-30.075367,151.880535
TINGHA LPO,NSW,-29.908381,151.205576
GLEN INNES DELIVERY,NSW,-29.644588,151.962405
DEEPWATER LPO,NSW,-29.393231,152.041527
TENTERFIELD DELIVERY,NSW,-28.931739,151.702544
MULLALEY LPO,NSW,-31.067541,149.712049
GUNNEDAH DC,NSW,-30.798568,150.199631
GUNNEDAH,NSW,-31.244175,150.457901
BOGGABRI LPO,NSW,-30.704728,150.042508
BURREN JUNCTION,NSW,-30.105176,148.965674
ROWENA LPO,NSW,-29.780297,149.090561
WEE WAA LPO,NSW,-30.087425,149.438586
NARRABRI DELIVERY,NSW,-30.60138,149.966153
NARRABRI WEST LPO,NSW,-30.34053,149.756588
BINNAWAY LPO,NSW,-31.552115,149.378497
BARADINE LPO,NSW,-30.943207,149.065815
BELLATA LPO,NSW,-29.919624,149.790978
GURLEY LPO,NSW,-29.735601,149.79988
PALLAMALLAWA LPO,NSW,-29.580064,150.136946
MOREE DELIVERY,NSW,-29.317772,149.808064
MOREE EAST LPO,NSW,-29.471256,149.846553
GRAVESEND LPO,NSW,-29.582339,150.337609
WARIALDA LPO,NSW,-29.510948,150.751185
DELUNGRA LPO,NSW,-29.652485,150.830948
BINGARA LPO,NSW,-29.804159,150.478053
BOOMI LPO,NSW,-28.725412,149.57915
GARAH LPO,NSW,-29.075482,149.636398
MUNGINDI LPO,NSW,-28.999013,149.100731
NORTH STAR,NSW,-28.93259,150.391368
BOGGABILLA LPO,NSW,-28.744821,150.415347
YETMAN LPO,NSW,-29.045063,150.644388
CROPPA CREEK LPO,NSW,-29.129441,150.381167
STROUD LPO,NSW,-32.292336,151.859784
DUNGOG LPO,NSW,-32.434801,151.771934
PATERSON LPO,NSW,-32.507287,151.532802
GLOUCESTER LPO,NSW,-31.972237,152.065675
BULAHDELAH LPO,NSW,-32.494001,152.276285
TAREE DC,NSW,-31.802185,152.068568
HARRINGTON LPO,NSW,-31.872153,152.689811
FORSTER DC,NSW,-32.347684,152.53525
FORSTER SHOPPING VILLAGE LPO,NSW,-32.200461,152.518509
PACIFIC PALMS LPO,NSW,-32.340416,152.520588
CHATHAM LPO,NSW,-31.899947,152.489572
CUNDLETOWN,NSW,-31.897697,152.516666
LANSDOWNE LPO,NSW,-31.782989,152.534579
OLD BAR LPO,NSW,-31.969037,152.585163
TINONEE LPO,NSW,-31.93777,152.413824
SOUTH WEST ROCKS,NSW,-30.888231,153.066955
KENDALL LPO,NSW,-31.658604,152.679031
KEMPSEY DC,NSW,-31.058949,152.768142
WILLAWARRIN LPO,NSW,-30.899756,152.248557
CRESCENT HEAD,NSW,-31.189517,152.9768
FREDERICKTON LPO,NSW,-31.037762,152.878933
GLADSTONE LPO,NSW,-31.022073,152.94899
HAT HEAD LPO,NSW,-31.054491,153.049963
SMITHTOWN LPO,NSW,-31.015176,152.943995
EUNGAI CREEK LPO,NSW,-30.816097,152.831369
TELEGRAPH POINT LPO,NSW,-31.318479,152.709685
EUNGAI RAIL LPO,NSW,-30.875913,152.916973
COFFS HARBOUR DC,NSW,-30.376052,153.034867
STUARTS POINT LPO,NSW,-30.851981,152.996244
KUNDABUNG LPO,NSW,-31.208615,152.823012
LAURIETON DELIVERY,NSW,-31.584673,152.744357
PORT MACQUARIE DC,NSW,-31.400666,152.851836
FLYNNS BEACH LPO,NSW,-31.443137,152.925466
LIGHTHOUSE BEACH LPO,NSW,-31.518639,152.882389
SETTLEMENT CITY LPO,NSW,-31.427201,152.895349
LAKE CATHIE LPO,NSW,-31.552287,152.854925
WAUCHOPE DELIVERY,NSW,-31.463639,152.533221
MACKSVILLE DELIVERY,NSW,-30.803716,152.726106
MACKSVILLE,NSW,-30.70403,152.921564
SCOTTS HEAD LPO,NSW,-30.746665,152.992724
NAMBUCCA HEADS DELIVERY,NSW,-30.615511,152.999909
BOWRAVILLE LPO,NSW,-30.621952,152.746326
COFFS HARBOUR JETTY LPO,NSW,-30.304106,153.139145
COFFS HARBOUR PLAZA LPO,NSW,-30.282731,153.131469
MOONEE BEACH LPO,NSW,-30.20812,153.155413
SAWTELL DC,NSW,-30.34062,153.084224
DORRIGO LPO,NSW,-30.137937,152.599482
BELLINGEN LPO,NSW,-30.452388,152.898147
RALEIGH DELIVERY,NSW,-30.373412,152.676687
URUNGA LPO,NSW,-30.522855,152.975538
WOOLGOOLGA DC,NSW,-30.059596,153.18789
GRAFTON DC,NSW,-29.050238,152.587447
GRAFTON WEST LPO,NSW,-29.703905,152.941692
ULMARRA LPO,NSW,-29.618586,153.07136
MACLEAN LPO,NSW,-29.423925,153.187448
YAMBA DELIVERY,NSW,-29.481012,153.359964
HARWOOD ISLAND LPO,NSW,-29.418833,153.240867
ILUKA LPO,NSW,-29.407475,153.350886
CASINO DELIVERY,NSW,-29.338403,153.002402
OLD BONALBO LPO,NSW,-28.618977,152.590462
BONALBO LPO,NSW,-28.73647,152.622832
TABULAM LPO,NSW,-29.040513,152.529206
CORAKI LPO,NSW,-29.032394,153.266213
RAPPVILLE LPO,NSW,-29.038162,152.810381
WHIPORIE LPO,NSW,-29.223953,152.932687
CHATSWORTH ISLAND LPO,NSW,-29.379238,153.24861
MALLANGANEE LPO,NSW,-28.867696,152.676266
WOODBURN LPO,NSW,-29.010351,153.435446
EVANS HEAD,NSW,-29.086621,153.375933
KYOGLE LPO,NSW,-28.593876,152.825754
GREVILLIA LPO,NSW,-28.441732,152.830732
URBENVILLE LPO,NSW,-28.622045,152.420365
WOODENBONG LPO,NSW,-28.373331,152.320879
ALSTONVILLE DC,NSW,-28.805607,153.445477
BALLINA DC,NSW,-28.869984,153.559167
BANGALOW LPO,NSW,-28.686356,153.524792
LISMORE DC,NSW,-28.61462,153.037662
THE CHANNON LPO,NSW,-28.673238,153.278894
BYRON BAY DC,NSW,-28.717235,153.592296
MULLUMBIMBY DELIVERY,NSW,-28.61079,153.439674
BURRINGBAR LPO,NSW,-28.434333,153.471284
NEW BRIGHTON LPO,NSW,-28.509358,153.549644
MURWILLUMBAH DC,NSW,-28.40351,153.171821
MURWILLUMBAH SOUTH LPO,NSW,-28.32897,153.400759
TWEED HEADS SOUTH DC,NSW,-28.177537,153.538538
TUMBULGUM,NSW,-28.26807,153.470406
WOLLONGONG DC,NSW,-34.436545,150.885559
WOLLONGONG WEST LPO,NSW,-34.424649,150.867207
HELENSBURGH DC,NSW,-34.243453,150.976081
BELLAMBI DC,NSW,-34.306283,150.934563
WOONONA EAST LPO,NSW,-34.34915,150.914167
CORRIMAL EAST LPO,NSW,-34.376363,150.91118
WOLLONGONG POST SHOP,NSW,-33.937789,151.139594
WOLLONGONG UNIVERSITY LPO,NSW,-34.405103,150.877805
OAK FLATS DC,NSW,-34.570722,150.775031
KIAMA DC,NSW,-34.656396,150.854028
NOWRA DC,NSW,-34.853655,150.678507
BATEMANS BAY DELIVERY CENTRE,NSW,-35.73211,150.199539
BRAIDWOOD LPO,NSW,-35.628728,150.322963
MORUYA DELIVERY,NSW,-35.981261,150.105175
ULLADULLA DELIVERY,NSW,-35.48985,150.233827
CUDMIRRAH LPO,NSW,-35.205582,150.550411
SUSSEX INLET LPO,NSW,-35.085105,150.531612
NOWRA NAVAL LPO,NSW,-34.943598,150.548423
JERVIS BAY LPO,ACT,-35.129878,150.707521
HUSKISSON LPO,NSW,-35.03885,150.670943
VINCENTIA LPO,NSW,-35.069537,150.675178
EROWAL BAY LPO,NSW,-35.112035,150.665252
NOWRA EAST LPO,NSW,-34.888371,150.610072
NOWRA NORTH LPO,NSW,-34.860731,150.591467
BODALLA LPO,NSW,-36.148482,149.705058
NAROOMA DELIVERY,NSW,-36.355798,150.07685
BERMAGUI SOUTH LPO,NSW,-36.422732,150.06439
MERIMBULA DELIVERY,NSW,-36.8788,149.917402
BEGA DELIVERY,NSW,-36.63575,149.857154
BEMBOKA LPO,NSW,-36.629917,149.572964
CANDELO LPO,NSW,-36.767311,149.695188
COBARGO LPO,NSW,-36.38761,149.887772
WYNDHAM LPO,NSW,-36.873821,149.652802
QUAAMA LPO,NSW,-36.464379,149.87009
WOLUMLA LPO,NSW,-36.821939,149.750881
TATHRA LPO,NSW,-36.729728,149.985917
EDEN LPO,NSW,-37.10475,149.879014
MINTO DC,NSW,-34.037882,150.814153
CAMPBELLTOWN NORTH LPO,NSW,-34.06584,150.82489
GLENQUARIE LPO,NSW,-33.986032,150.89171
BOWRAL DC,NSW,-34.409517,150.523957
HILLTOP LPO,NSW,-34.356278,150.494373
BURRAWANG LPO,NSW,-34.593302,150.518264
BUNDANOON LPO,NSW,-34.632598,150.321575
MARULAN LPO,NSW,-34.562935,149.987083
EXETER LPO,NSW,-34.613161,150.317392
WINGELLO LPO,NSW,-34.670072,150.228512
GOULBURN DC,NSW,-34.439785,149.961474
GOULBURN NORTH LPO,NSW,-34.747561,149.748917
TARALGA,NSW,-34.405567,149.818683
GUNNING LPO,NSW,-34.917864,149.24271
YASS DELIVERY,NSW,-34.745475,148.956495
CROOKWELL LPO,NSW,-34.084776,149.151361
BINALONG LPO,NSW,-34.670932,148.628209
GALONG LPO,NSW,-34.601586,148.556895
BOOROWA LPO,NSW,-34.438598,148.716326
HARDEN LPO,NSW,-34.547823,148.370154
WALLENDBEEN LPO,NSW,-34.524319,148.16016
BETHUNGRA LPO,NSW,-34.762894,147.852565
COOTAMUNDRA DELIVERY,NSW,-34.639089,148.024671
ILLABO LPO,NSW,-34.814798,147.740662
YOUNG DELIVERY,NSW,-34.425659,148.065745
CANBERRA SOUTH DC,ACT,-35.314348,149.137033
CANBERRA GPO DC,ACT,-35.282087,149.108716
CANBERRA GPO,ACT,-35.302425,149.114587
MITCHELL DC,ACT,-35.262153,149.145893
PHILLIP DC,ACT,-35.32454,149.075667
CIVIC SQUARE,ACT,-35.282868,149.129372
FYSHWICK BC,ACT,-35.303411,149.194007
BELCONNEN DC,ACT,-35.257964,149.075648
KIPPAX LPO,ACT,-35.221958,149.020133
BELCONNEN,ACT,-35.248442,149.070336
HALL,ACT,-35.522639,149.08098
QUEANBEYAN DC,NSW,-35.384458,149.199053
BUNGENDORE,NSW,-35.805448,149.42833
PERISHER VALLEY LPO,NSW,-36.180818,148.441281
THREDBO VILLAGE LPO,NSW,-36.50661,148.301005
BREDBO CPA,NSW,-35.959129,149.150191
COOMA DELIVERY,NSW,-35.861268,149.13088
JINDABYNE PO,NSW,-36.441153,148.511421
BERRIDALE LPO,NSW,-33.796292,151.272681
ADAMINABY LPO,NSW,-35.997349,148.769744
NIMMITABEL LPO,NSW,-36.739931,149.261211
BOMBALA LPO,NSW,-36.815805,149.283408
DELEGATE LPO,NSW,-36.933875,148.826148
LAVINGTON DC,NSW,-36.082137,146.910174
BROCKLESBY LPO,NSW,-35.822589,146.680117
BURRUMBUTTOCK LPO,NSW,-35.835429,146.802861
KHANCOBAN LPO,NSW,-36.389084,148.182153
JINDERA LPO,NSW,-35.950071,146.885946
JINGELLIC LPO,NSW,-35.92561,147.69994
RAND LPO,NSW,-35.593047,146.577718
WALBUNDRIE LPO,NSW,-35.690162,146.72127
YERONG CREEK LPO,NSW,-35.387447,147.061231
HOWLONG LPO,NSW,-35.958568,146.60586
HOLBROOK LPO,NSW,-35.735984,147.699528
URANA LPO,NSW,-35.129938,146.125254
COROWA DELIVERY,NSW,-35.845724,146.518358
MULWALA LPO,NSW,-35.954159,145.963942
WENTWORTH LPO,NSW,-34.152621,142.090252
BATLOW LPO,NSW,-35.60039,148.0931
WAGGA WAGGA DC,NSW,-35.161474,147.512382
JUNEE DELIVERY,NSW,-34.039439,146.030172
BOREE CREEK LPO,NSW,-35.106183,146.61426
GALORE,NSW,-35.006426,146.893574
GOOLGOWI LPO,NSW,-33.983547,145.708082
GRONG GRONG,NSW,-34.73818,146.781265
GUMLY GUMLY,NSW,-35.123768,147.421169
HUMULA LPO,NSW,-35.483054,147.764179
LADYSMITH LPO,NSW,-35.207801,147.513984
MANGOPLAH,NSW,-35.375169,147.253056
MARRAR LPO,NSW,-34.823698,147.350199
MATONG,NSW,-34.767836,146.919333
GRIFFITH DC,NSW,-33.820291,145.622346
ROSEWOOD LPO,NSW,-35.67475,147.864041
TARCUTTA LPO,NSW,-35.27561,147.738748
URANQUINTY LPO,NSW,-35.194776,147.243051
TUMBARUMBA LPO,NSW,-35.829468,148.068724
THE ROCK LPO,NSW,-35.319006,147.189768
LOCKHART LPO,NSW,-35.124957,147.001238
HENTY LPO,NSW,-35.43665,146.989498
WALLA WALLA LPO,NSW,-35.604129,146.791693
CULCAIRN LPO,NSW,-35.670726,146.999996
MORVEN LPO,NSW,-35.659128,147.120414
MILPO KAPOOKA LPO,NSW,-35.14779,147.295748
ARDLETHAN LPO,NSW,-34.357355,146.903401
ARIAH PARK LPO,NSW,-34.348105,147.221222
BARELLAN LPO,NSW,-34.28434,146.571256
BINYA LPO,NSW,-34.228297,146.337827
TEMORA DELIVERY,NSW,-34.343429,147.311681
BARMEDMAN LPO,NSW,-34.184676,147.406754
UNGARIE LPO,NSW,-33.498371,146.803615
RANKINS SPRINGS LPO,NSW,-33.840127,146.265437
WEST WYALONG LPO,NSW,-33.994402,146.879692
TULLIBIGEAL LPO,NSW,-33.420093,146.728083
WEETHALLE LPO,NSW,-33.875402,146.625969
WEST WYALONG,NSW,-34.109459,147.140966
WYALONG LPO,NSW,-33.925882,147.243019
LAKE CARGELLIGO LPO,NSW,-33.387503,146.579788
HILLSTON LPO,NSW,-33.481365,145.534656
RIVERINA MSC WAGGA WAGGA,NSW,-35.059334,147.351953
GRIFFITH EAST LPO,NSW,-34.283593,146.058792
YENDA,NSW,-34.177539,146.108252
NARRANDERA DELIVERY,NSW,-35.031701,146.612603
COOLAMON LPO,NSW,-34.815539,147.200085
GANMAIN LPO,NSW,-34.794899,147.038823
YANCO LPO,NSW,-34.630843,146.40345
LEETON DELIVERY,NSW,-34.48697,146.433213
DARLINGTON POINT LPO,NSW,-34.557729,146.010496
COLEAMBALLY LPO,NSW,-34.858279,145.674146
DENILIQUIN DC,NSW,-35.228183,144.49432
MATHOURA LPO,NSW,-35.81262,144.9026
WAKOOL LPO,NSW,-35.470616,144.395693
HAY DELIVERY,NSW,-33.679442,144.749504
BERRIGAN LPO,NSW,-35.65743,145.812641
FINLEY,NSW,-35.591687,145.285731
TOCUMWAL LPO,NSW,-35.511748,145.051193
BALRANALD LPO,NSW,-33.873621,142.885264
JERILDERIE LPO,NSW,-35.354272,145.529572
DARETON LPO,NSW,-34.091641,142.042284
TUMUT DELIVERY,NSW,-35.315496,148.453868
TALBINGO,NSW,-35.581624,148.303311
QUANDIALLA LPO,NSW,-33.994749,147.678307
STOCKINBINGAL LPO,NSW,-34.506023,147.879961
JUGIONG LPO,NSW,-34.906288,148.320014
COOLAC LPO,NSW,-35.081463,148.40992
ADELONG LPO,NSW,-35.307947,148.063682
MOAMA LPO,NSW,-35.791187,144.629848
MOAMA DELIVERY,NSW,-35.805836,144.770764
BARHAM LPO,NSW,-35.630473,144.130423
MOULAMEIN LPO,NSW,-35.194233,144.155278
DENILIQUIN,NSW,-35.114021,143.792594
KYALITE LPO,NSW,-35.247256,143.89834
GOODNIGHT,NSW,-34.958682,143.33744
MILDURA DC,NSW,-34.513995,142.848756
BURONGA LPO,NSW,-34.171443,142.182794
NEPEAN DF,NSW,-33.790683,150.6693
PENRITH BC,NSW,-33.732127,151.280352
RAAF RICHMOND LPO,NSW,-33.604378,150.796234
ST MARYS SOUTH LPO,NSW,-33.77854,150.775645
MOUNT DRUITT VILLAGE LPO,NSW,-33.772053,150.811583
BLAXLAND EAST LPO,NSW,-33.745661,150.622142
WISEMANS FERRY LPO,NSW,-33.331658,150.975498
OBERON LPO,NSW,-33.840966,149.711027
LITHGOW DC,NSW,-33.219587,150.021733
CARCOAR LPO,NSW,-33.609622,149.140601
MANDURAMA LPO,NSW,-33.585625,149.031455
WOODSTOCK LPO,NSW,-33.931096,148.859104
COWRA DC,NSW,-33.804739,149.024918
BATHURST DELIVERY CENTRE,NSW,-33.911806,149.332781
LYNDHURST LPO,NSW,-33.707873,149.025809
MILLTHORPE LPO,NSW,-33.343288,149.254464
BLAYNEY LPO,NSW,-33.648293,149.269545
ORANGE DC,NSW,-33.123439,149.026661
ORANGE EAST LPO,NSW,-33.281109,149.081766
CANOWINDRA LPO,NSW,-33.682514,148.615476
GOOLOOGONG LPO,NSW,-33.650848,148.41385
EUGOWRA LPO,NSW,-33.427107,148.37165
GREENETHORPE LPO,NSW,-34.041955,148.395001
GRENFELL LPO,NSW,-33.985252,147.927491
WELLINGTON DELIVERY,NSW,-32.598356,148.963925
STUART TOWN LPO,NSW,-32.805688,149.077263
NARROMINE DELIVERY,NSW,-32.057228,148.263375
TRANGIE LPO,NSW,-31.835994,148.180564
WARREN LPO,NSW,-31.673327,147.855054
NYNGAN LPO,NSW,-31.940261,146.479353
GILGANDRA LPO,NSW,-31.66393,148.881171
GULARGAMBONE LPO,NSW,-31.107835,148.862661
COONAMBLE LPO,NSW,-31.124693,148.37341
DUBBO DC,NSW,-32.195726,148.902065
DUBBO EAST LPO,NSW,-32.242225,148.628668
DUBBO WEST LPO,NSW,-32.247975,148.593099
GEURIE LPO,NSW,-32.399032,148.828532
QUAMBONE LPO,NSW,-30.929382,147.869963
TOORAWEENAH LPO,NSW,-31.439404,148.910428
WONGARBON LPO,NSW,-32.334144,148.756921
WALGETT LPO,NSW,-29.113122,147.902562
COLLARENEBRI,NSW,-29.54581,148.576548
LIGHTNING RIDGE,NSW,-29.425724,147.979236
COBAR DELIVERY,NSW,-32.032911,144.440184
WILCANNIA,NSW,-30.808105,142.879729
BREWARRINA LPO,NSW,-30.198141,146.5382
BOURKE DELIVERY,NSW,-29.18925,145.88159
MENDOORAN LPO,NSW,-31.822488,149.118008
COOLAH LPO,NSW,-31.774418,149.611621
DUNEDOO LPO,NSW,-32.122232,149.465064
WALLERAWANG LPO,NSW,-33.410618,150.062597
PORTLAND LPO,NSW,-33.353124,149.98227
KANDOS LPO,NSW,-32.971718,149.959593
RYLSTONE LPO,NSW,-32.975826,150.104239
MUDGEE DC,NSW,-32.863277,149.803751
GULGONG LPO,NSW,-32.185066,149.529756
CUDAL LPO,NSW,-33.232729,148.841207
MANILDRA LPO,NSW,-33.100422,148.544553
MOLONG LPO,NSW,-33.184094,148.928934
CUMNOCK LPO,NSW,-32.865448,148.500123
YEOVAL,NSW,-32.752421,148.753515
PEAK HILL LPO,NSW,-32.725328,148.185188
PARKES DELIVERY,NSW,-32.933075,148.257653
FORBES DELIVERY,NSW,-33.501308,148.305788
TOTTENHAM LPO,NSW,-32.41586,147.508111
TULLAMORE LPO,NSW,-32.631463,147.564026
TRUNDLE LPO,NSW,-32.780391,147.864053
BOGAN GATE LPO,NSW,-33.106229,147.802354
CONDOBOLIN DELIVERY,NSW,-33.089095,147.15218
IVANHOE LPO,NSW,-32.827693,143.859144
MENINDEE LPO,NSW,-32.263499,142.4066
BROKEN HILL DELIVERY,NSW,-31.959193,141.466614
BROKEN HILL NORTH LPO,NSW,-31.950359,141.45619
BROKEN HILL WEST LPO,NSW,-31.965867,141.444081
BROKEN HILL SOUTH LPO,NSW,-31.977238,141.458131
LORD HOWE ISLAND LPO,NSW,-31.55247,159.081217
TUGGERANONG DC,ACT,-35.417991,149.069414
CITY DELIVERY CENTRE,VIC,-37.814563,144.970267
CITY MAIL PROCESSING CENTRE,VIC,-38.365017,144.76592
SOUTH MELBOURNE DC,VIC,-37.823258,144.965926
CARLTON DC,VIC,-37.796152,144.961351
WEST FOOTSCRAY DC,VIC,-37.79977,144.899587
NEWPORT DC,VIC,-37.842477,144.883145
SUNSHINE DC,VIC,-37.775954,144.819395
ST ALBANS DC,VIC,-37.745934,144.770027
HOPPERS CROSSING DEL CENTRE,VIC,-37.899873,144.556552
MOONEE PONDS DC,VIC,-37.788375,144.931472
NIDDRIE DC,VIC,-37.736264,144.796336
PRESTON DC,VIC,-37.727568,144.939122
SOMERTON DC,VIC,-37.680792,144.921009
FITZROY DC,VIC,-37.800917,144.979165
EPPING DC,VIC,-37.680338,145.014287
HEIDELBERG WEST DEL CENTRE,VIC,-37.76964,145.041425
BUNDOORA DC,VIC,-37.70132,145.071967
DIAMOND CREEK DC,VIC,-37.642629,145.217595
RESEARCH DELIVERY CENTRE,VIC,-37.71383,145.148537
DEEPDENE DC,VIC,-37.808497,145.044922
TEMPLESTOWE DC,VIC,-37.768554,145.079543
MOOROOLBARK DC,VIC,-37.731758,145.221282
RICHMOND DC,VIC,-37.826869,145.007098
HAWTHORN DELIVERY CENTRE,VIC,-37.842105,145.045951
BURWOOD DC,VIC,-37.844825,145.115681
BOX HILL DC,VIC,-37.821232,145.104996
NUNAWADING DC,VIC,-37.819374,145.153852
WARBURTON,VIC,-37.795679,145.538569
SEVILLE,VIC,-37.777197,145.460734
WANDIN NORTH,VIC,-37.815707,145.46037
WOORI YALLOCK LPO,VIC,-37.780019,145.530363
MOUNT WAVERLEY MDC (NEW),VIC,-37.875412,145.041976
FERNTREE GULLY DELIVERY CENTRE,VIC,-37.869224,145.241382
BAYSWATER DC,VIC,-37.84126,145.266725
BELGRAVE DELIVERY CENTRE,VIC,-37.903672,145.33131
BENTLEIGH EAST DC,VIC,-38.033451,145.309748
DANDENONG SOUTH BC,VIC,-38.02243,145.23738
BRAESIDE DC,VIC,-37.973323,145.119941
DANDENONG DC,VIC,-38.033107,145.179482
ST KILDA DC,VIC,-37.867573,144.978814
BRIGHTON DC,VIC,-37.913149,144.991682
MOORABBIN DELIVERY CENTRE,VIC,-37.933603,145.034175
SEAFORD DELIVERY CENTRE,VIC,-38.076364,145.123205
NORTH GEELONG DC,VIC,-37.971627,144.526585
GROVEDALE DC,VIC,-38.175587,144.342666
OCEAN GROVE DC,VIC,-38.130331,144.621908
GEELONG MC OPERATIONS,VIC,-38.683577,143.839267
WYE RIVER LPO,VIC,-38.666687,143.86199
TORQUAY,VIC,-38.329558,144.262559
ANGLESEA,VIC,-38.405129,144.189268
LORNE DELIVERY ANNEXE,VIC,-38.518801,143.99579
APOLLO BAY LPO,VIC,-38.748434,143.670432
COLAC DC,VIC,-38.419956,143.948435
BIRREGURRA LPO,VIC,-38.314855,143.789367
CAMPERDOWN,VIC,-38.134947,143.102803
TERANG,VIC,-38.236207,142.911483
COBDEN,VIC,-38.343488,143.141647
TIMBOON,VIC,-38.415663,142.85945
PORT CAMPBELL,VIC,-38.619083,142.996136
DERRINALLUM,VIC,-37.998527,143.051384
MORTLAKE,VIC,-38.081236,142.807986
CARAMUT,VIC,-37.912068,142.523202
MAILER FLAT,VIC,-38.301794,142.457611
WARRNAMBOOL DC,VIC,-38.035006,142.441935
WOOLSTHORPE,VIC,-38.16607,142.39753
WARRNAMBOOL,VIC,-38.214555,142.657483
KOROIT DELIVERY ANNEXE,VIC,-38.32991,142.411507
PORT FAIRY,VIC,-38.214987,142.153594
PORTLAND,VIC,-37.972228,141.833705
MACARTHUR,VIC,-38.000472,141.870835
HAMILTON POST SHOP,VIC,-37.897958,142.174884
WILLAURA LPO,VIC,-37.75697,142.641677
HEYWOOD,VIC,-38.146567,141.966132
DIGBY,VIC,-37.794364,141.500674
MERINO,VIC,-37.720455,141.548293
CASTERTON,VIC,-37.584211,141.405944
CAVENDISH,VIC,-37.586718,141.935665
COLERAINE,VIC,-37.441278,141.758617
HARROW,VIC,-37.119835,141.600473
EDENHOPE LPO,VIC,-36.986424,141.510896
APSLEY,VIC,-36.967557,141.080748
INVERLEIGH,VIC,-38.111995,143.855664
CRESSY CPA,VIC,-38.028752,143.643643
LISMORE,VIC,-37.953552,143.34368
TEESDALE,VIC,-38.039758,144.048285
SHELFORD,VIC,-38.02107,143.856658
BANNOCKBURN,VIC,-38.046528,144.171067
MEREDITH,VIC,-37.924962,144.025575
ELAINE,VIC,-37.710436,144.094545
MELTON DELIVERY,VIC,-37.68584,144.685449
BACCHUS MARSH DC,VIC,-37.675855,144.437663
BALLAN,VIC,-37.60016,144.225458
GORDON,VIC,-37.594546,144.099862
WENDOUREE DC,VIC,-37.556958,143.817225
CAPE CLEAR LPO,VIC,-37.786818,143.612778
SNAKE VALLEY LPO,VIC,-37.576056,143.578864
LAKE BOLAC LPO,VIC,-37.712432,142.839797
MININERA LPO,VIC,-37.604862,142.959773
SCARSDALE LPO,VIC,-37.668421,143.654685
SMYTHESDALE LPO,VIC,-37.646169,143.683223
STREATHAM LPO,VIC,-37.679137,143.058258
WAUBRA LPO,VIC,-37.350376,143.568829
LEARMONTH LPO,VIC,-37.420343,143.713222
LEXTON LPO,VIC,-37.275704,143.513453
MINERS REST LPO,VIC,-37.484449,143.802353
BALLARAT MC OPERATION,VIC,-37.560917,143.867158
WENDOUREE,VIC,-37.509085,143.784073
LINTON,VIC,-37.686374,143.562977
SKIPTON LPO,VIC,-37.779772,143.407202
CRESWICK DELIVERY ANNEXE*P/C*,VIC,-37.424838,143.894483
KINGSTON,VIC,-37.372652,143.954309
NEWLYN NORTH,VIC,-37.399016,143.995952
CLUNES,VIC,-37.293942,143.787341
TALBOT,VIC,-37.146466,143.670166
BEAUFORT LPO,VIC,-37.429812,143.383709
ARARAT,VIC,-37.427465,143.132372
STAWELL,VIC,-37.157329,142.699342
RUPANYUP LPO,VIC,-36.572229,142.816541
MURTOA,VIC,-36.449414,142.422325
BRIM,VIC,-36.069357,142.519496
MINYIP,VIC,-36.460553,142.586163
WARRACKNABEAL,VIC,-36.331465,142.363833
BEULAH,VIC,-35.93804,142.418961
HOPETOUN LPO,VIC,-35.727235,142.364734
HORSHAM POST SHOP,VIC,-36.711714,142.204899
BALMORAL,VIC,-37.248109,141.841762
NATIMUK LPO,VIC,-36.779163,141.762526
GOROKE,VIC,-36.747329,141.472623
MINIMAY,VIC,-36.714185,141.180738
DIMBOOLA LPO,VIC,-36.298418,142.024557
KANIVA LPO,VIC,-36.378089,141.357823
NHILL,VIC,-36.165178,141.334582
SERVICETON,VIC,-36.376549,140.986209
JEPARIT,VIC,-36.14057,141.987191
RAINBOW LPO,VIC,-35.691918,141.974601
YAAPEET,VIC,-35.766065,142.060249
SUNBURY DC,VIC,-37.627752,144.719981
BULLA,VIC,-37.637155,144.804139
SUNBURY,VIC,-37.483711,144.745723
GISBORNE,VIC,-37.463999,144.665048
ROMSEY LPO,VIC,-37.433632,144.77977
LANCEFIELD,VIC,-37.189508,144.692899
MACEDON,VIC,-37.399584,144.588405
MOUNT MACEDON,VIC,-37.396044,144.590721
WOODEND,VIC,-37.385948,144.446407
KYNETON,VIC,-37.091978,144.50611
REDESDALE,VIC,-37.021382,144.532054
TYLDEN,VIC,-37.32541,144.406442
MALMSBURY,VIC,-37.199978,144.29344
TARADALE,VIC,-37.133438,144.356519
ELPHINSTONE,VIC,-37.105,144.337783
METCALFE,VIC,-37.102084,144.423136
CASTLEMAINE,VIC,-37.063869,144.217101
CAMPBELLS CREEK,VIC,-37.0292,144.239946
CHEWTON,VIC,-37.081139,144.25651
GUILDFORD,VIC,-37.151069,144.160962
HARCOURT,VIC,-36.998965,144.262588
TRENTHAM,VIC,-37.451989,144.293564
BLACKWOOD,VIC,-37.472283,144.306407
DAYLESFORD LPO,VIC,-37.51709,144.37593
DAYLESFORD RP*P/C*,VIC,-37.466577,144.303975
DAYLESFORD DELIVERY ANNEXE,VIC,-37.308233,144.094647
NEWSTEAD,VIC,-37.107829,144.095795
MALDON LPO,VIC,-36.984271,143.951487
CARISBROOK,VIC,-37.007853,143.796275
MARYBOROUGH,VIC,-37.074671,143.677358
AVOCA,VIC,-37.088539,143.473798
AMPHITHEATRE,VIC,-37.182344,143.399915
ELMHURST,VIC,-37.179436,143.249097
DUNOLLY LPO,VIC,-36.924333,143.756154
BEALIBA,VIC,-36.830903,143.502295
ST ARNAUD,VIC,-36.544552,142.921227
DONALD LPO,VIC,-36.236565,142.687307
CHARLTON LPO,VIC,-36.350942,143.112537
WATCHEM,VIC,-36.226051,142.859931
BIRCHIP LPO,VIC,-35.979172,142.747934
WOOMELANG,VIC,-35.635088,142.766116
LASCELLES,VIC,-35.606765,142.578891
SPEED,VIC,-35.400818,142.44027
TEMPY,VIC,-35.344581,142.476178
OUYEN,VIC,-35.199697,141.600652
PATCHEWOLLOCK,VIC,-35.382896,142.1895
NANGILOC,VIC,-34.457991,142.230811
RED CLIFFS,VIC,-34.292017,142.145463
CULLULLERAINE,VIC,-34.278196,141.597777
MERINGUR,VIC,-34.39048,141.338808
SUNNYCLIFFS,VIC,-34.28754,142.191911
WERRIMULL,VIC,-34.38721,141.597044
IRYMPLE LPO,VIC,-34.234604,142.181724
MERBEIN,VIC,-34.19768,142.057629
CABARITA,VIC,-34.197773,142.084141
MERBEIN SOUTH,VIC,-34.215642,142.024463
WALPEUP,VIC,-35.191803,142.02364
UNDERBOOL,VIC,-35.173454,141.692549
MURRAYVILLE,VIC,-35.218149,141.090483
MARONG,VIC,-36.736592,144.132572
BRIDGEWATER,VIC,-36.593021,143.924643
INGLEWOOD LPO,VIC,-36.298881,143.915229
SERPENTINE,VIC,-36.412547,143.974416
WEDDERBURN,VIC,-36.501479,143.456459
PYALONG,VIC,-37.120609,144.882105
HEATHCOTE,VIC,-37.126178,144.750364
TOOBORAC,VIC,-37.046912,144.798912
WYCHITELLA,VIC,-36.273232,143.597571
WYCHEPROOF LPO,VIC,-36.055958,143.38661
NULLAWIL,VIC,-35.780006,143.259314
CULGOA,VIC,-35.718468,143.107379
BERRIWILLOCK,VIC,-35.635336,142.991804
SEA LAKE LPO,VIC,-35.360723,142.786824
BOORT LPO,VIC,-36.011488,143.671965
QUAMBATOOK,VIC,-35.75855,143.445376
SWAN HILL,VIC,-35.758096,143.284751
ULTIMA,VIC,-35.513341,143.197025
MANANGATANG,VIC,-34.96464,142.884361
ROBINVALE,VIC,-34.847699,142.830117
BENDIGO DC,VIC,-36.758492,144.280075
BENDIGO MC OPERATIONS,VIC,-36.690822,143.868371
AXEDALE,VIC,-36.787917,144.504133
HUNTLY,VIC,-36.654973,144.403153
JUNORTOUN,VIC,-36.773334,144.360111
LOCKWOOD SOUTH,VIC,-36.844443,144.158421
MAIDEN GULLY,VIC,-36.742983,144.211349
MANDURANG,VIC,-36.817858,144.295026
TARNAGULLA,VIC,-36.753091,143.771109
NEWBRIDGE,VIC,-36.742221,143.908207
STRATHFIELDSAYE,VIC,-36.80632,144.355351
TOOLLEEN,VIC,-36.720439,144.682618
GOLDEN SQUARE,VIC,-36.834685,144.230004
GOORNONG,VIC,-36.653535,144.506417
ELMORE LPO,VIC,-36.485796,144.713905
COLBINABBIN,VIC,-36.590262,144.793787
COROP,VIC,-36.457558,144.793985
ROCHESTER,VIC,-36.298882,144.673529
NANNEELLA,VIC,-36.284193,144.777526
TORRUMBARRY,VIC,-35.975398,144.459855
LOCKINGTON,VIC,-36.271227,144.481629
ECHUCA DC,VIC,-36.131154,144.728548
GUNBOWER,VIC,-35.957441,144.366659
LEITCHVILLE,VIC,-35.886223,144.242273
COHUNA,VIC,-35.836345,144.336635
RAYWOOD,VIC,-36.474005,144.1055
DINGEE,VIC,-36.370912,144.231949
TENNYSON,VIC,-36.299054,144.43186
MITIAMO,VIC,-36.298763,144.085645
PYRAMID HILL LPO,VIC,-36.042544,143.990513
KERANG,VIC,-35.878433,143.872782
MURRABIT,VIC,-35.527252,143.956969
KOONDROOK,VIC,-35.64272,144.108584
LAKE CHARM,VIC,-35.620733,143.804041
LAKE BOGA,VIC,-35.506577,143.638434
SWAN HILL DELIVERY,VIC,-35.418038,143.594275
WOORINEN SOUTH,VIC,-35.270527,143.454012
BEVERFORD,VIC,-35.235882,143.480953
NYAH,VIC,-35.152584,143.362249
NYAH WEST,VIC,-35.187893,143.348862
PIANGIL,VIC,-34.856397,143.341123
BOUNDARY BEND,VIC,-34.742098,143.144838
SEYMOUR,VIC,-36.846437,145.199887
NAGAMBIE LPO,VIC,-36.699872,145.034359
MURCHISON,VIC,-36.542846,145.277533
TATURA,VIC,-36.625025,145.303783
RUSHWORTH LPO,VIC,-36.591412,144.948216
SHEPPARTON DC,VIC,-36.484229,145.259357
KYABRAM,VIC,-36.421146,145.068244
BYRNESIDE,VIC,-36.416975,145.149914
MERRIGUM,VIC,-36.372412,145.170237
TONGALA LPO,VIC,-36.269418,144.850248
STANHOPE,VIC,-36.462334,144.904277
GIRGARRE,VIC,-36.443573,145.068304
ARDMONA,VIC,-36.378536,145.295366
MOOROOPNA,VIC,-36.284356,145.295406
UNDERA,VIC,-36.278158,145.222772
CONGUPNA,VIC,-36.299252,145.481126
TALLYGAROOPNA,VIC,-36.220101,145.344007
KATANDRA WEST,VIC,-36.246185,145.582937
WUNGHNU,VIC,-36.16323,145.301771
NUMURKAH,VIC,-36.135713,145.504192
NATHALIA LPO,VIC,-36.145467,145.165703
KATUNGA,VIC,-35.973776,145.460399
STRATHMERTON,VIC,-35.918029,145.33172
COBRAM,VIC,-35.955363,145.631874
BAROOGA,NSW,-35.913566,145.688503
DOOKIE,VIC,-36.327503,145.686223
KATAMATITE,VIC,-36.078387,145.688645
BROADFORD,VIC,-37.203001,145.050171
STRATH CREEK,VIC,-37.236985,145.221193
TALLAROOK,VIC,-37.093612,145.10303
AVENEL,VIC,-36.892793,145.23059
LONGWOOD,VIC,-36.81576,145.35517
EUROA,VIC,-36.705961,145.640263
STRATHBOGIE,VIC,-36.855417,145.735508
VIOLET TOWN LPO,VIC,-36.696659,145.771354
BADDAGINNIE,VIC,-36.592633,145.861036
BENALLA,VIC,-36.385144,145.420691
GLENROWAN,VIC,-36.269789,146.131319
GRETA WEST,VIC,-36.533299,146.226164
WANGARATTA,VIC,-36.341245,146.338612
MILAWA,VIC,-36.521737,146.498737
CHESHUNT,VIC,-36.798752,146.427829
ELDORADO,VIC,-36.442921,146.554145
OXLEY,VIC,-36.443693,146.383011
SPRINGHURST,VIC,-36.243951,146.411677
CHILTERN LPO,VIC,-36.148307,146.610311
RUTHERGLEN,VIC,-36.098847,146.222359
WAHGUNYAH,VIC,-36.011553,146.40193
BARNAWARTHA,VIC,-36.105488,146.673164
WODONGA,VIC,-37.67576,144.989793
WODONGA DC,VIC,-36.099768,146.821149
TAWONGA,VIC,-36.66901,147.205089
MOUNT BEAUTY LPO,VIC,-36.80517,147.224996
FALLS CREEK,VIC,-36.862994,147.279405
TALLANGATTA LPO,VIC,-36.175761,147.338065
DARTMOUTH,VIC,-36.533461,147.497235
ESKDALE,VIC,-36.465156,147.250151
MITTA MITTA,VIC,-36.536849,147.376953
CUDGEWA,VIC,-36.190684,147.771573
CORRYONG,VIC,-36.279153,148.025563
WALWA,VIC,-36.048847,147.561427
BUXTON,VIC,-37.420458,145.712999
THORNTON,VIC,-37.326297,145.862023
EILDON,VIC,-37.234547,145.910525
ALEXANDRA,VIC,-37.252433,145.702015
MERTON,VIC,-36.972266,145.790539
YEA,VIC,-37.344477,145.289109
YARCK,VIC,-37.014402,145.617965
BONNIE DOON,VIC,-37.023006,145.86227
MANSFIELD,VIC,-37.009455,146.21744
GOUGHS BAY,VIC,-37.176707,146.063541
JAMIESON,VIC,-37.300724,146.13588
MOUNT BULLER,VIC,-37.146357,146.449411
GOORAMBAT,VIC,-36.323886,145.79839
THOONA,VIC,-36.340096,146.077226
ST JAMES,VIC,-36.232281,146.056216
TUNGAMAH,VIC,-36.099254,146.084897
YARRAWONGA,VIC,-36.026715,146.084897
MOYHU,VIC,-36.578223,146.378463
WHITFIELD,VIC,-36.749752,146.413426
WHOROULY,VIC,-36.520364,146.577229
MYRTLEFORD,VIC,-36.455136,146.479489
OVENS,VIC,-36.606337,146.792102
POREPUNKAH,VIC,-36.815383,146.852777
BRIGHT,VIC,-36.727237,146.960491
HARRIETVILLE,VIC,-36.89203,147.064023
WANDILIGONG,VIC,-36.753565,146.982157
BEECHWORTH,VIC,-36.360341,146.687966
STANLEY,VIC,-36.404888,146.755253
YACKANDANDAH,VIC,-36.414545,146.862235
WOLLERT,VIC,-38.380955,144.811911
WHITTLESEA,VIC,-37.692001,144.885657
MORANG SOUTH,VIC,-37.653074,145.095043
BEVERIDGE,VIC,-37.468668,144.996239
DOREEN,VIC,-37.617671,145.154899
MERNDA,VIC,-37.594769,145.101581
WALLAN WALLAN,VIC,-37.402359,144.80284
WANDONG,VIC,-37.383,145.029955
PANTON HILL,VIC,-37.641394,145.240086
SMITHS GULLY,VIC,-37.620131,145.287916
KINGLAKE,VIC,-37.481664,145.277344
KILMORE,VIC,-37.31432,144.889007
YARRA GLEN,VIC,-37.650855,145.317827
HEALESVILLE,VIC,-37.686067,145.541351
MARYSVILLE,VIC,-37.560312,145.885335
COCKATOO,VIC,-37.93626,145.49137
SILVAN,VIC,-37.844151,145.413447
NARRE WARREN DC,VIC,-37.96602,145.363213
BEACONSFIELD UPPER,VIC,-38.004643,145.409755
PAKENHAM DC,VIC,-38.063056,145.40958
NAR NAR GOON,VIC,-38.035781,145.609548
TYNONG,VIC,-38.085068,145.625456
CORA LYNN,VIC,-38.145284,145.60591
BUNYIP LPO,VIC,-38.092171,145.677004
DROUIN,VIC,-38.09708,145.715492
LONGWARRY,VIC,-38.049843,145.82875
WARRAGUL DC,VIC,-38.206715,145.964873
YARRAGON,VIC,-38.244952,145.999245
DARNUM,VIC,-38.187606,146.005385
TRAFALGAR LPO,VIC,-38.298917,146.114577
MOE DELIVERY CENTRE,VIC,-37.696566,146.364064
NEERIM SOUTH,VIC,-37.962769,145.993328
NEERIM JUNCTION,VIC,-37.9133,145.9339
NOOJEE,VIC,-37.84087,145.849688
THORPDALE,VIC,-38.331875,146.118691
MORWELL DC,VIC,-38.278708,146.321254
TRARALGON DC,VIC,-38.406405,146.637984
TYERS,VIC,-38.14887,146.481207
ROSEDALE LPO,VIC,-38.26363,146.753319
SALE DELIVERY CENTRE,VIC,-38.415897,147.083536
GLENGARRY,VIC,-38.124641,146.573643
TOONGABBIE,VIC,-38.066096,146.670202
COWWARR,VIC,-38.003449,146.688721
HEYFIELD LPO,VIC,-37.974475,146.689838
MAFFRA,VIC,-37.886136,146.848259
NEWRY,VIC,-37.923124,146.890459
TINAMBA,VIC,-37.962211,146.891796
BOISDALE,VIC,-37.880398,146.987326
BRIAGOLONG,VIC,-37.843462,147.06798
STRATFORD LPO,VIC,-37.573541,147.187425
DARGO,VIC,-37.387647,147.106614
LINDENOW,VIC,-37.800359,147.458491
YINNAR,VIC,-38.398143,146.424652
BOOLARRA,VIC,-38.378924,146.275377
MIRBOO NORTH,VIC,-38.285262,146.054894
YARRAM,VIC,-38.403622,146.176387
GORMANDALE,VIC,-38.285925,146.719797
WOODSIDE,VIC,-38.379257,146.791268
BAIRNSDALE,VIC,-37.825114,147.628962
PAYNESVILLE,VIC,-37.89463,147.670253
NICHOLSON,VIC,-37.815478,147.734243
BRUTHEN,VIC,-37.70793,147.831322
NEWMERELLA,VIC,-37.735401,148.433878
NOWA NOWA,VIC,-37.841038,148.121299
BENDOC,VIC,-37.146838,148.884272
ORBOST,VIC,-37.692622,148.371357
MARLO,VIC,-37.795334,148.532921
CANN RIVER,VIC,-37.927902,145.906217
GENOA,VIC,-37.475736,149.592844
MALLACOOTA,VIC,-37.549486,149.729223
SWIFTS CREEK,VIC,-37.590191,147.893491
ENSAY,VIC,-37.298674,147.748627
OMEO,VIC,-37.019423,147.470661
BENAMBRA,VIC,-36.949754,147.703226
JOHNSONVILLE,VIC,-37.792719,147.830756
SWAN REACH,VIC,-37.810093,147.84454
METUNG,VIC,-37.87152,147.847355
LAKES ENTRANCE,VIC,-37.857772,147.922922
CRANBOURNE DC,VIC,-38.153809,145.185851
BAXTER DELIVERY ANNEXE,VIC,-38.195383,145.158007
SOMERVILLE DC,VIC,-38.202617,145.232339
TYABB DELIVERY ANNEXE,VIC,-38.259808,145.186464
HASTINGS DELIVERY CENTRE,VIC,-38.30771,145.190507
BITTERN,VIC,-38.337376,145.177993
CRIB POINT,VIC,-38.366119,145.204068
TANKERTON,VIC,-38.342506,145.338749
COWES,VIC,-38.450286,145.239003
RHYLL,VIC,-38.460584,145.307964
SAN REMO,VIC,-38.54338,145.340775
BALNARRING,VIC,-38.373497,145.126733
SOMERS,VIC,-38.383442,145.147627
ROSEBUD DC,VIC,-38.400438,144.970958
MORNINGTON DELIVERY CENTRE,VIC,-38.191618,145.079095
LOCH,VIC,-37.970297,145.155125
BENA,VIC,-38.433031,145.722184
KORUMBURRA,VIC,-38.449367,145.877524
KONGWAK,VIC,-38.518208,145.703644
LEONGATHA,VIC,-38.406667,146.069703
KOONWARRA,VIC,-38.547015,145.948111
DUMBALK,VIC,-38.531629,146.095008
MEENIYAN,VIC,-38.505983,146.168253
TARWIN LOWER,VIC,-38.860948,145.998523
BUFFALO,VIC,-38.642608,146.074806
FISH CREEK,VIC,-38.694358,146.082083
FOSTER,VIC,-38.668395,146.266751
TOORA,VIC,-38.670149,146.396151
WELSHPOOL,VIC,-38.679229,146.270581
HEDLEY,VIC,-37.693272,144.961131
ALBERTON,VIC,-38.611394,146.66598
PORT ALBERT,VIC,-38.671789,146.692958
CLYDE,VIC,-38.145962,145.423291
KERNOT,VIC,-38.426639,145.597787
TOORADIN,VIC,-38.211236,145.340207
BAYLES,VIC,-38.179036,145.573638
KOO WEE RUP,VIC,-38.188905,145.648437
CORINELLA,VIC,-38.323843,145.539805
LANG LANG,VIC,-38.257421,145.550044
GRANTVILLE,VIC,-38.408411,145.532454
NYORA,VIC,-38.333067,145.670441
POOWONG,VIC,-38.294339,145.886342
GLEN FORBES,VIC,-38.449183,145.532297
BASS,VIC,-38.480541,145.467733
DALYSTON,VIC,-38.493513,145.616162
WONTHAGGI,VIC,-38.527605,145.446731
KILCUNDA,VIC,-38.549173,145.475411
INVERLOCH,VIC,-38.632958,145.729641
CITY DC - BRISBANE,QLD,-27.46758,153.027892
ALBION DC,QLD,-27.467878,153.047052
VIRGINIA DC,QLD,-27.40344,153.060428
SANDGATE DC,QLD,-27.327545,153.025938
CLONTARF DC,QLD,-27.25958,153.08211
NORTHGATE MAIL CENTRE,QLD,-27.076847,153.367844
STAFFORD DC,QLD,-27.422714,153.033723
BRENDALE DC,QLD,-27.345529,152.968403
KELVIN GROVE DC,QLD,-27.424422,153.000517
FERNY HILLS DC,QLD,-27.397523,152.959538
TOOWONG DC,QLD,-27.475531,152.993415
KENMORE DC,QLD,-27.490924,152.897741
RICHLANDS DC,QLD,-27.550889,152.958818
ROCKLEA DC,QLD,-27.538924,152.981769
COORPAROO DC,QLD,-27.487699,153.018947
ACACIA RIDGE DC,QLD,-27.567572,153.07787
ARCHERFIELD DC,QLD,-27.553179,153.056433
LOGAN CITY DC,QLD,-27.660233,153.117675
CRESTMEAD DC,QLD,-27.660763,153.04015
MANSFIELD DC,QLD,-27.519259,153.061369
LOGANHOLME DC,QLD,-27.650622,153.165162
TINGALPA DC,QLD,-27.504978,153.131443
CAPALABA DC,QLD,-27.490918,153.153345
CLEVELAND DC,QLD,-27.518815,153.255284
YATALA DELIVERY CENTRE,QLD,-27.694398,153.155502
NERANG DC,QLD,-27.942395,153.233818
ARUNDEL DC,QLD,-27.922459,153.334793
BURLEIGH DC,QLD,-28.135818,153.317485
BUNDALL DC,QLD,-28.005753,153.387475
ROBINA DC,QLD,-28.029363,153.4312
CURRUMBIN DELIVERY CENTRE,QLD,-28.135669,153.470481
NORTH TAMBORINE-LPO,QLD,-27.880883,153.130246
CANUNGRA - LPO,QLD,-27.995053,153.162089
BEAUDESERT,QLD,-27.901257,152.939081
GOODNA DC,QLD,-27.669147,152.89354
BOOVAL DC,QLD,-27.597997,152.831683
BENARKIN - CMA,QLD,-26.887082,152.137759
BLACKBUTT - LPO,QLD,-26.88523,152.101065
TOOGOOLAWAH -LPO,QLD,-26.932451,152.328182
FERNVALE - LPO,QLD,-27.300337,152.674418
LINVILLE-CMA,QLD,-26.8392,152.27475
HARRISVILLE - LPO,QLD,-27.82052,152.56642
BOONAH,QLD,-27.981456,152.548619
KALBAR - LPO,QLD,-27.912903,152.655215
LOWOOD LPO,QLD,-27.421011,152.455509
ESK LPO,QLD,-27.269163,152.585337
LAIDLEY LPO,QLD,-27.653658,152.326898
FOREST HILL - LPO,QLD,-27.543847,152.377687
GATTON,QLD,-27.511922,152.296235
HELIDON - LPO,QLD,-27.589099,152.153257
TOOWOOMBA DC,QLD,-27.615354,151.774846
TOOWOOMBA MAIL CENTRE,QLD,-27.600764,151.914462
AMIENS - CMA,QLD,-28.583622,151.801093
STANTHORPE,QLD,-28.566381,151.829047
CABARLAH - CMA,QLD,-27.424504,151.992604
CEMENT MILLS,QLD,-28.332675,151.504945
HIGHFIELDS - LPO,QLD,-27.463969,151.953927
KARARA,QLD,-28.206451,151.570214
PERANGA-CMA,QLD,-27.188096,151.702434
BALLANDEAN - LPO,QLD,-28.830661,151.854844
MERINGANDAN,QLD,-27.426584,151.913829
SEVERNLEA-CMA,QLD,-28.699851,151.905795
HADEN-CMA,QLD,-27.256984,151.904578
GOOMBUNGEE - LPO,QLD,-27.322474,151.909698
CROWS NEST - LPO,QLD,-27.134613,152.085883
PITTSWORTH,QLD,-27.567709,151.446802
MILLMERRAN LPO,QLD,-28.056801,151.160021
CAMBOOYA - LPO,QLD,-27.706725,151.863738
GREENMOUNT,QLD,-27.777322,151.942115
NOBBY,QLD,-27.838719,151.889972
CLIFTON - LPO,QLD,-27.894403,151.799775
ALLORA - LPO,QLD,-28.035848,151.982723
BROOKSTEAD - LPO,QLD,-27.710492,151.396183
LEYBURN-LPO,QLD,-28.017149,151.597527
WARWICK,QLD,-28.195568,151.949533
YANGAN - LPO,QLD,-28.230733,152.245531
KILLARNEY - LPO,QLD,-28.340099,152.294194
DALVEEN - LPO,QLD,-28.488431,151.968689
COTTONVALE,QLD,-28.529507,151.947124
THE SUMMIT-LPO,QLD,-28.541494,151.933783
GLEN APLIN - CMA,QLD,-28.739941,151.874983
WALLANGARRA - LPO,QLD,-28.882394,151.910698
TEXAS LPO,QLD,-28.728006,151.183208
YELARBON - LPO,QLD,-28.615672,150.554538
GOONDIWINDI,QLD,-28.145163,150.288342
KINGSTHORPE-LPO,QLD,-27.495768,151.796847
OAKEY POST SHOP,QLD,-27.303702,151.691102
COOYAR - CMA,QLD,-26.983086,151.832336
JONDARYAN - LPO,QLD,-27.217717,151.591852
BOWENVILLE-CMA,QLD,-27.305817,151.490518
DALBY,QLD,-27.192428,151.396625
JIMBOUR-CMA,QLD,-26.95968,151.214889
KAIMKILLENBUN,QLD,-27.060968,151.433893
KOGAN,QLD,-27.040883,150.762768
THE GUMS,QLD,-27.343527,150.18745
CECIL PLAINS - LPO,QLD,-27.6483,150.836678
BELL - LPO,QLD,-26.93254,151.448511
JANDOWAE LPO,QLD,-26.781197,151.109816
WARRA,QLD,-26.929329,150.919183
BRIGALOW - CMA,QLD,-26.843852,150.790571
CHINCHILLA,QLD,-26.706834,150.545144
MILES LPO,QLD,-26.672867,150.332141
CONDAMINE - LPO,QLD,-27.013259,150.060549
SURAT - LPO,QLD,-27.15617,149.158851
ROMA,QLD,-27.008192,148.898154
YULEBA - LPO,QLD,-26.891629,149.419553
GULUGUBA-CMA,QLD,-26.260063,150.048929
WANDOAN-LPO,QLD,-25.72569,150.28164
TAROOM LPO,QLD,-25.494713,149.525293
TARA LPO,QLD,-27.285342,150.599138
MEANDARRA - LPO,QLD,-27.562837,149.612212
GLENMORGAN-CMA,QLD,-27.249625,149.679008
DRILLHAM - LPO,QLD,-26.640357,149.982992
DULACCA - LPO,QLD,-26.517858,149.783594
JACKSON CPA,QLD,-26.642228,149.623168
WALLUMBILLA-LPO,QLD,-26.58117,149.114285
INJUNE - LPO,QLD,-25.724492,148.672028
MUCKADILLA,QLD,-26.602637,148.363184
AMBY,QLD,-26.549209,148.186897
MITCHELL LPO,QLD,-26.968591,148.062548
MUNGALLALA-CMA,QLD,-26.446905,147.543855
MORVEN - LPO,QLD,-26.087266,146.833194
CHARLEVILLE,QLD,-26.647239,146.176789
BLACKALL LPO,QLD,-24.424637,145.465854
QUILPIE LPO,QLD,-25.909385,144.598632
CHEEPIE,QLD,-26.630652,145.01525
AUGATHELLA - LPO,QLD,-25.794685,146.586608
TAMBO-LPO,QLD,-25.479054,146.011909
COOLADDI-CMA,QLD,-26.645522,145.460966
EROMANGA-CMA,QLD,-26.668654,143.267376
WINDORAH-LPO,QLD,-25.393607,141.55373
BIRDSVILLE-CMA,QLD,-25.898355,139.351645
DIRRANBANDI - LPO,QLD,-28.585815,148.227609
SAINT GEORGE,QLD,-27.505231,148.31586
BOLLON - LPO,QLD,-28.031524,147.47786
WYANDRA-CMA,QLD,-27.24739,145.981713
CUNNAMULLA LPO,QLD,-28.843124,145.816249
EULO-CMA,QLD,-28.169275,145.042128
THARGOMINDAH - LPO,QLD,-27.783565,143.373975
BUNGUNYA - CMA,QLD,-28.420865,149.658021
TALWOOD-LPO,QLD,-28.443959,149.467729
THALLON-LPO,QLD,-28.604238,148.986787
TOOBEAH-CMA,QLD,-28.214948,149.794723
BURPENGARY DC,QLD,-27.186964,152.928542
BRIBIE ISLAND,QLD,-27.045188,153.140879
BRIBIE ISLAND DC,QLD,-26.909356,153.124445
CABOOLTURE DC,QLD,-27.129058,153.052258
CABOOLTURE,QLD,-27.085007,152.951707
WOODFORD LPO,QLD,-26.848046,152.715349
KILCOY - LPO,QLD,-26.959741,152.609621
GLASSHOUSE MOUNTAINS - LPO,QLD,-26.897918,152.959204
BEERWAH - LPO,QLD,-26.857043,152.957162
DAYBORO LPO,QLD,-27.07184,152.808774
LANDSBOROUGH - LPO,QLD,-26.808565,152.963941
CALOUNDRA DC,QLD,-26.775377,153.113173
NAMBOUR DC,QLD,-26.775957,152.892993
MALENY,QLD,-26.782137,152.716127
MOOLOOLAH -LPO,QLD,-26.756517,152.932651
EUDLO-LPO,QLD,-26.725961,152.957869
MAROOCHYDORE DC,QLD,-26.685821,153.050524
NOOSAVILLE DC,QLD,-26.475165,152.796338
POMONA - LPO,QLD,-26.328915,152.858705
GYMPIE DC,QLD,-26.34524,152.674989
KENILWORTH - LPO,QLD,-26.600831,152.762607
TIN CAN BAY - LPO,QLD,-26.005381,153.057271
RAINBOW BEACH - LPO,QLD,-25.51083,153.123577
KILKIVAN-LPO,QLD,-26.224964,152.268781
GOOMERI - LPO,QLD,-26.325215,152.166608
MURGON LPO,QLD,-26.204516,151.885957
WONDAI-LPO,QLD,-26.253777,151.812709
WOOROOLIN - LPO,QLD,-26.363763,151.754081
KINGAROY DC,QLD,-26.760017,151.631701
HIVESVILLE CPA,QLD,-26.176778,151.69149
PROSTON - LPO,QLD,-26.106878,151.6288
YARRAMAN - LPO,QLD,-26.819705,151.895063
NANANGO,QLD,-26.648199,151.946486
MARYBOROUGH DC,QLD,-25.611275,152.325924
BIGGENDEN - LPO,QLD,-25.510983,152.045629
GAYNDAH LPO,QLD,-25.806808,151.670067
MUNDUBBERA LPO,QLD,-25.813563,151.205469
EIDSVOLD - LPO,QLD,-25.136637,151.129347
MONTO LPO,QLD,-24.788266,151.231904
HERVEY BAY DC,QLD,-25.352719,152.890792
HOWARD - LPO,QLD,-25.29264,152.626943
BURRUM HEADS LPO,QLD,-25.184233,152.614149
CHILDERS LPO,QLD,-25.203235,152.328931
BUNDABERG DC,QLD,-24.843687,152.024909
BUNDABERG,QLD,-24.867078,152.385732
GIN GIN - LPO,QLD,-25.079428,151.67995
AGNES WATER LPO,QLD,-24.212505,151.903352
GLADSTONE DC,QLD,-24.292033,151.779995
GLADSTONE POST SHOP,QLD,-24.1047,151.713784
YARWUN-LPO,QLD,-23.835292,151.071334
MOUNT LARCOM - LPO,QLD,-23.785682,150.926796
CENTRAL QLD MC,QLD,-23.651894,150.641144
ROCKHAMPTON DC,QLD,-23.388939,150.502867
YEPPOON POST SHOP,QLD,-23.114684,150.696731
YAAMBA,QLD,-23.119953,150.462544
MARLBOROUGH-LPO,QLD,-22.743208,149.313523
OGMORE-CMA,QLD,-22.592329,149.635224
SAINT LAWRENCE-LPO,QLD,-21.868843,149.143033
TIERI - LPO,QLD,-23.038374,148.344727
MOUNT MORGAN LPO,QLD,-23.624671,150.391364
BILOELA,QLD,-24.401296,150.511308
THANGOOL-LPO,QLD,-24.579542,150.668297
BLACKWATER,QLD,-23.585701,148.880408
MOURA LPO,QLD,-24.568117,149.297694
THEODORE - LPO,QLD,-25.049303,150.163389
EMERALD,QLD,-23.52685,148.161076
CLERMONT LPO,QLD,-23.277321,147.562498
SPRINGSURE - LPO,QLD,-24.506491,147.41651
ALPHA LPO,QLD,-23.649656,146.641074
BARCALDINE - LPO,QLD,-23.551987,145.289074
ARAMAC - LPO,QLD,-22.97216,145.24543
ILFRACOMBE - LPO,QLD,-23.849803,144.472886
JERICHO LPO,QLD,-22.68504,146.150547
LONGREACH,QLD,-23.044622,144.525193
ISISFORD - LPO,QLD,-24.260492,144.440754
MUTTABURRA-LPO,QLD,-22.593523,144.546108
WINTON LPO,QLD,-21.712701,143.374169
JUNDAH-LPO,QLD,-24.83083,143.058389
SARINA,QLD,-21.454914,149.289562
KOUMALA-LPO,QLD,-21.704347,149.356583
CARMILA-LPO,QLD,-21.910044,149.416599
MACKAY DC,QLD,-21.164465,149.099609
MACKAY MC,QLD,-20.90451,148.99513
GLENDEN-LPO,QLD,-21.355672,148.115193
MORANBAH,QLD,-22.002169,148.046238
DYSART,QLD,-22.588153,148.348719
MIDDLEMOUNT-LPO,QLD,-22.640498,148.916434
WALKERSTON -LPO,QLD,-21.188625,149.03059
MARIAN-LPO,QLD,-21.116487,148.890812
MIRANI-LPO,QLD,-21.158348,148.813809
FINCH HATTON - LPO,QLD,-21.142455,148.63221
DALRYMPLE HEIGHTS,QLD,-21.167011,148.50552
CALEN - LPO,QLD,-20.897518,148.771151
BLOOMSBURY,QLD,-20.705298,148.595763
PROSERPINE,QLD,-20.584521,148.420002
HAYMAN ISLAND,QLD,-20.049795,148.888223
AIRLIE BEACH,QLD,-20.267869,148.716223
HAMILTON ISLAND-LPO,QLD,-20.354415,148.963683
COLLINSVILLE,QLD,-20.553361,147.845464
BOWEN,QLD,-20.382548,147.885867
HOME HILL LPO,QLD,-19.669608,147.446511
AYR,QLD,-19.546861,147.443697
BRANDON - LPO,QLD,-19.554272,147.353705
GIRU LPO,QLD,-19.531139,147.213564
TOWNSVILLE DC,QLD,-19.245827,146.795727
THURINGOWA DC,QLD,-19.297714,146.764341
TOWNSVILLE MC,QLD,-19.424915,146.947198
PENTLAND-LPO,QLD,-21.793411,145.940174
GREENVALE CMA,QLD,-18.974523,145.118786
CHARTERS TOWERS,QLD,-19.997674,146.443408
NELIA CPA,QLD,-19.618338,142.236352
MINGELA-CMA,QLD,-19.610652,146.715381
JULIA CREEK LPO,QLD,-20.653767,142.2145
PALM ISLAND,QLD,-18.72665,146.630568
PRAIRIE-LPO,QLD,-20.870948,144.602335
RAVENSWOOD-LPO,QLD,-20.099354,146.886937
ROLLINGSTONE -LPO,QLD,-19.045603,146.389122
TORRENS CREEK-CMA,QLD,-20.770755,145.017149
WOODSTOCK,QLD,-19.598882,146.837839
PICNIC BAY - LPO,QLD,-19.151037,146.86423
HUGHENDEN LPO,QLD,-20.281399,143.87636
RICHMOND - LPO,QLD,-21.50903,142.69317
MCKINLAY-CMA,QLD,-21.272964,141.294486
CLONCURRY LPO,QLD,-20.704158,140.505319
MOUNT ISA DC,QLD,-21.164318,149.098918
DAJARRA-CMA,QLD,-21.695822,139.515933
CAMOOWEAL - LPO,QLD,-19.921773,138.119119
BOULIA - LPO,QLD,-23.393865,139.673121
BEDOURIE CPA,QLD,-24.359695,139.469579
BURKETOWN - LPO,QLD,-17.741706,139.547865
DOOMADGEE-LPO,QLD,-17.943531,138.825737
CARDWELL - LPO,QLD,-18.265652,146.027929
INGHAM,QLD,-18.474994,145.885791
HALIFAX - LPO,QLD,-18.594005,146.25902
MISSION BEACH-LPO,QLD,-17.830091,146.09996
TULLY,QLD,-18.119359,145.913114
EL ARISH - LPO,QLD,-17.786658,146.021722
SILKWOOD-LPO,QLD,-17.719188,146.026968
MOURILYAN-LPO,QLD,-17.566621,146.035946
SOUTH JOHNSTONE-LPO,QLD,-17.596413,145.971405
INNISFAIL POST SHOP,QLD,-17.56422,145.996277
BABINDA - LPO,QLD,-17.344418,145.924815
CAIRNS DC,QLD,-17.152995,145.743914
ALMADEN,QLD,-17.340063,144.678134
ALOOMBA - LPO,QLD,-17.11626,145.834863
MOUNT SURPRISE - LPO,QLD,-17.747312,144.31566
CHILLAGOE - LPO,QLD,-17.027167,143.922625
CAIRNS MC,QLD,-13.429103,142.941374
AURUKUN - LPO,QLD,-13.602923,141.816156
CROYDON - LPO,QLD,-17.943625,141.75674
COEN - LPO,QLD,-13.936008,143.199183
MOUNT GARNET-LPO,QLD,-18.682516,144.74002
MOUNT CARBINE CPA,QLD,-16.484092,144.901957
PORMPURAAW-LPO,QLD,-14.909531,142.511718
EINASLEIGH-CMA,QLD,-18.514512,144.093797
FORSAYTH - LPO,QLD,-18.587396,143.601643
GEORGETOWN - LPO,QLD,-18.291804,143.54961
GORDONVALE,QLD,-16.940466,145.816925
MOUNT MOLLOY-LPO,QLD,-16.478614,144.369742
GUNUNA-LPO,QLD,-16.666758,139.178916
KOWANYAMA-LPO,QLD,-15.277946,141.814451
KURRIMINE BEACH-LPO,QLD,-17.776575,146.107825
LAURA-LPO,QLD,-15.559626,144.444895
LOCKHART RIVER-CMA,QLD,-12.999565,143.239576
MENA CREEK - LPO,QLD,-17.655,145.956529
MIRIWINNI-LPO,QLD,-17.402072,145.909001
DIMBULAH - LPO,QLD,-16.854651,144.876468
MAREEBA,QLD,-16.79995,145.285972
WANGAN - LPO,QLD,-17.577763,146.007286
RAVENSHOE LPO,QLD,-17.231966,145.62332
INNOT HOT SPRINGS CPA,QLD,-17.667829,145.238466
KAIRI - LPO,QLD,-17.216605,145.543747
KURANDA - LPO,QLD,-16.804628,145.558548
MUTCHILBA - LPO,QLD,-17.137158,145.206945
WALKAMIN-LPO,QLD,-17.124017,145.425462
MOSSMAN POST SHOP,QLD,-16.372831,145.384849
WEIPA - LPO,QLD,-27.26776,150.756714
THURSDAY ISLAND,QLD,-10.120146,142.139423
BAMAGA - LPO,QLD,-10.851692,142.427014
PORT DOUGLAS LPO,QLD,-16.535286,145.467604
TOLGA - LPO,QLD,-17.185835,145.463033
ATHERTON,QLD,-17.268273,145.47457
YUNGABURRA-LPO,QLD,-17.219315,145.696889
MALANDA LPO,QLD,-17.363155,145.69377
MILLAA MILLAA - LPO,QLD,-17.542146,145.605722
HERBERTON LPO,QLD,-17.384931,145.386636
NORMANTON LPO,QLD,-17.281509,141.625841
NORMANTON,QLD,-17.679813,141.075672
KARUMBA-LPO,QLD,-17.483843,140.839772
COOKTOWN LPO,QLD,-16.013552,145.263051
ADELAIDE CITY DELVRY C & BOXES,SA,-34.92577,138.599732
REGENCY PARK DC,SA,-34.904277,138.578712
PORT ADELAIDE DC,SA,-34.840426,138.52745
MARLESTON DC,SA,-34.925146,138.56092
MELROSE PARK DC,SA,-34.971683,138.577772
SOMERTON PARK DC,SA,-34.961584,138.528204
MITCHAM SHOPPING CENTRE,SA,-34.975288,138.609718
KENT TOWN DC,SA,-34.942432,138.620875
GLYNDE DC,SA,-34.950576,138.661084
MODBURY NORTH DC,SA,-34.855183,138.655892
SALISBURY SOUTH DC,SA,-34.817573,138.618743
ELIZABETH WEST DC,SA,-34.714535,138.669699
GAWLER DC,SA,-34.615268,138.728513
VIRGINIA LPO,SA,-34.662559,138.508995
PARACOMBE,SA,-34.825277,138.759507
INGLEWOOD,SA,-34.824005,138.774666
VERDUN DC,SA,-34.912349,138.765697
LONSDALE DC,SA,-35.098851,138.498008
MCLAREN VALE,SA,-35.163536,138.592337
WILLUNGA,SA,-35.268849,138.630067
ALDINGA BEACH,SA,-35.267326,138.483136
SELLICKS BEACH,SA,-35.329671,138.448146
MEADOWS,SA,-35.248592,138.707721
MYPONGA,SA,-35.422515,138.570748
YANKALILLA LPO,SA,-35.495827,138.39325
NORMANVILLE,SA,-35.603683,138.105284
MOUNT COMPASS,SA,-35.351091,138.621715
VICTOR HARBOR,SA,-35.534413,138.529512
GOOLWA,SA,-35.447992,138.766983
AMERICAN RIVER,SA,-35.773049,137.779956
PENNESHAW,SA,-35.776943,137.876499
KINGSCOTE,SA,-35.613861,137.572636
KERSBROOK,SA,-34.782593,138.856291
CUDLEE CREEK CPA,SA,-34.863338,138.855549
GUMERACHA LPO,SA,-34.798003,138.898998
BIRDWOOD LPO,SA,-34.953301,138.559527
MOUNT PLEASANT LPO,SA,-34.785799,138.970244
TUNGKILLO CPA,SA,-34.866175,139.064821
PALMER LPO,SA,-34.855242,139.19677
MANNUM,SA,-34.755133,139.306156
LENSWOOD LPO,SA,-34.920014,138.828222
LOBETHAL LPO,SA,-34.911789,138.852975
LITTLEHAMPTON LPO,SA,-35.049975,138.858817
MOUNT BARKER POST SHOP,SA,-35.134951,138.887568
NAIRNE LPO,SA,-35.003664,138.94171
MURRAY BRIDGE DELIVERY ANNEXE,SA,-35.088554,139.308967
STRATHALBYN POST SHOP,SA,-35.317169,138.997514
MILANG,SA,-35.497238,138.928769
JERVOIS,SA,-35.510451,139.365759
TAILEM BEND,SA,-35.324862,139.396572
NARRUNG,SA,-35.513357,139.181939
MURRAY BRIDGE POST SHOP,SA,-35.199504,139.580549
COOKE PLAINS,SA,-35.379387,139.562175
COOMANDOOK,SA,-35.470288,139.696521
KI KI CMA,SA,-35.568094,139.795043
YUMALI CMA,SA,-35.507688,139.756378
FRANCES,SA,-36.795548,140.929888
NARACOORTE POST SHOP,SA,-36.937311,140.860605
KYBYBOLITE CMA,SA,-36.869493,140.926311
COONAWARRA,SA,-37.292105,140.839049
MENINGIE LPO,SA,-35.57145,138.979395
COONALPYN,SA,-35.696027,139.856924
TINTINARA LPO,SA,-36.237582,139.97306
KEITH,SA,-36.166689,140.46619
BORDERTOWN,SA,-36.566777,140.940619
MUNDULLA,SA,-36.341305,140.554067
LUCINDALE LPO,SA,-37.256253,140.611845
KINGSTON SE,SA,-36.784423,140.020981
ROBE,SA,-37.269544,139.954379
PENOLA LPO,SA,-37.231471,140.934145
KALANGADOO,SA,-37.561697,140.701318
MOUNT BURR,SA,-37.624772,140.654593
MILLICENT,SA,-37.480978,140.01304
MOUNT GAMBIER DC,SA,-37.826321,140.783303
PARRAKIE CMA,SA,-35.381429,140.251354
LAMEROO,SA,-35.329274,140.517994
PINNAROO LPO,SA,-34.986253,140.784302
KAROONDA,SA,-35.131226,139.731411
LOXTON POST SHOP,SA,-34.735891,140.508785
MORGAN,SA,-33.885533,139.355313
WAIKERIE POST SHOP,SA,-34.089801,139.766386
KINGSTON-ON-MURRAY CPA,SA,-34.221812,140.347914
MOOROOK,SA,-34.290548,140.364606
PARINGA,SA,-34.215647,140.8109
RENMARK POST SHOP,SA,-34.205781,140.689287
MONASH,SA,-34.238211,140.557623
BERRI,SA,-34.285487,140.601715
GLOSSOP,SA,-34.2692,140.528371
BARMERA,SA,-34.252037,140.466708
COBDOGLA,SA,-34.241451,140.408119
LYNDOCH,SA,-34.597167,138.91362
WILLIAMSTOWN,SA,-34.670592,138.890191
TANUNDA,SA,-34.533462,138.908818
ANGASTON LPO,SA,-34.501149,139.046829
NURIOOTPA,SA,-34.471194,138.880335
TRURO,SA,-34.357138,139.142478
BLANCHETOWN,SA,-34.351995,139.614036
GREENOCK,SA,-34.458936,138.932244
ROSEWORTHY,SA,-34.533081,138.747089
FREELING,SA,-34.454289,138.813242
KAPUNDA LPO,SA,-34.303983,138.917658
EUDUNDA LPO,SA,-34.093799,139.169087
ROBERTSTOWN,SA,-33.968264,139.00005
WASLEYS,SA,-34.416221,138.640544
HAMLEY BRIDGE,SA,-34.266619,138.630864
STOCKPORT CMA,SA,-34.360716,138.766286
TARLEE,SA,-34.222937,138.728866
RIVERTON LPO,SA,-34.217989,138.740043
SADDLEWORTH LPO,SA,-33.928076,138.937581
MANOORA,SA,-33.977601,138.785706
BURRA LPO,SA,-33.915727,138.72407
HALLETT LPO,SA,-33.388018,138.759817
TEROWIE,SA,-33.132679,139.076986
PETERBOROUGH,SA,-32.729333,139.000159
ORROROO LPO,SA,-32.603434,138.327394
CARRIETON CMA,SA,-32.2264,138.709657
QUORN LPO,SA,-32.447436,138.201775
QUORN (PO),SA,-32.131332,138.051129
HAWKER,SA,-31.795825,138.357939
AUBURN LPO,SA,-34.028001,138.681644
WATERVALE,SA,-33.982193,138.651072
CLARE POST SHOP,SA,-33.836794,138.57943
SPALDING LPO,SA,-33.598997,138.631237
OWEN,SA,-34.345014,138.589904
BALAKLAVA,SA,-34.147422,138.415626
BLYTH,SA,-33.845511,138.490294
BRINKWORTH LPO,SA,-33.717096,138.553465
GLADSTONE,SA,-33.282514,138.354703
LAURA LPO,SA,-33.050537,138.42808
WIRRABARA LPO,SA,-32.952889,138.157372
BOOLEROO CENTRE,SA,-32.880512,138.351993
MELROSE,SA,-32.825064,138.187939
WILMINGTON,SA,-32.649055,138.097284
JAMESTOWN (PO),SA,-33.181404,138.48152
YONGALA CMA,SA,-33.02799,138.74886
PORT PIRIE,SA,-32.924116,137.982971
PORT GERMEIN,SA,-33.101444,138.035666
TWO WELLS LPO,SA,-34.281161,138.338749
MALLALA,SA,-34.359686,138.491956
MALLALA (PO),SA,-34.512534,138.509843
KADINA,SA,-33.931863,138.171497
SNOWTOWN (PO),SA,-33.828679,138.124671
PORT BROUGHTON,SA,-33.553743,137.938071
CRYSTAL BROOK (PO),SA,-33.489031,138.114579
PORT WAKEFIELD,SA,-34.070596,138.227272
BOWMANS,SA,-34.16005,138.259363
WALLAROO (PO),SA,-33.900295,137.630764
MOONTA,SA,-34.156899,137.742805
PORT HUGHES,SA,-34.075588,137.545866
BUTE,SA,-33.863962,138.007629
PRICE LPO,SA,-34.178371,137.978866
ARDROSSAN (PO),SA,-34.422953,137.916805
MAITLAND LPO,SA,-34.567525,137.880472
MAITLAND,SA,-34.324332,137.494924
PORT VICTORIA,SA,-34.496407,137.483096
MINLATON,SA,-34.732992,137.480834
YORKETOWN,SA,-35.101808,137.648499
WAROOKA,SA,-35.179011,137.210072
PORT VINCENT,SA,-34.779593,137.859065
STANSBURY,SA,-35.02483,137.760696
COOBOWIE,SA,-35.042188,137.733933
EDITHBURGH,SA,-35.084795,137.745793
WHYALLA,SA,-32.99571,137.16696
IRON KNOB,SA,-32.75339,137.165748
COWELL,SA,-33.684835,136.926709
ARNO BAY,SA,-33.911901,136.568345
WHARMINDA,SA,-33.958428,136.240573
PORT NEILL LPO,SA,-34.111906,136.329985
BUTLER,SA,-34.105939,136.169528
TUMBY BAY,SA,-34.375292,136.102799
PORT LINCOLN,SA,-34.726235,135.874457
PORT LINCOLN DC,SA,-34.655349,135.856036
CUMMINS,SA,-34.205631,135.844197
YEELANNA CMA,SA,-34.149121,135.497696
LOCK,SA,-33.562483,135.976076
CLEVE,SA,-33.502394,136.446932
KIMBA (PO),SA,-33.183815,136.619341
DARKE PEAK CMA,SA,-33.469064,136.199199
WARRAMBOO CMA,SA,-33.209405,135.955463
PORT AUGUSTA,SA,-33.242697,135.597901
KYANCUTTA,SA,-33.134498,135.555276
WUDINNA,SA,-32.789341,135.378835
MINNIPA,SA,-33.20121,135.147729
POOCHERA CMA,SA,-32.720761,134.837557
STREAKY BAY,SA,-32.58423,134.711607
WIRRULLA,SA,-32.322406,134.446292
ELLISTON,SA,-33.621171,134.994039
PORT KENNY,SA,-33.142057,134.362438
SMOKY BAY,SA,-32.375562,133.935987
CEDUNA,SA,-31.839911,132.6767
PENONG,SA,-31.928577,133.015575
THEVENARD,SA,-32.145605,133.652684
WOOMERA (PO),SA,-31.259011,136.804586
ANDAMOOKA,SA,-30.449401,137.163989
COOBER PEDY,SA,-29.037845,134.723814
MARLA,SA,-27.306573,133.623499
MINTABIE,SA,-27.314946,133.298762
ROXBY DOWNS,SA,-30.462627,136.879824
BELTANA CMA,SA,-30.814875,138.40378
LEIGH CREEK (PO),SA,-27.800455,140.619083
COPLEY,SA,-30.552387,138.42385
MARREE,SA,-30.067057,138.27706
OODNADATTA,SA,-27.546529,135.447026
ADELAIDE CITY DC-MAIL PROC,SA,-35.120097,139.273782
WEST PERTH DC,WA,-31.967791,115.836209
BASSENDEAN DC,WA,-31.982001,115.760961
OSBORNE PARK DC,WA,-31.93648,115.841231
NEDLANDS DC,WA,-31.954097,115.809407
GWELUP DC,WA,-31.938276,115.754198
WANGARA DC,WA,-31.849089,115.804841
JOONDALUP DC,WA,-31.784792,115.767788
MIDLAND DC,WA,-31.873677,115.977483
WALLISTON DC,WA,-31.939411,116.013318
WELSHPOOL DC,WA,-31.986574,116.010649
MALAGA DC,WA,-31.882862,115.861726
MUNDARING DC,WA,-31.909289,116.100209
BULLSBROOK LPO,WA,-31.622485,116.207151
BENTLEY DC,WA,-31.959952,115.902637
CANNING VALE DC,WA,-32.050009,115.964764
KELMSCOTT DC,WA,-32.050158,115.976376
PALMYRA DC,WA,-32.059615,115.844417
BIBRA LAKE DC,WA,-32.092963,115.837476
ROCKINGHAM DC,WA,-32.190027,115.801492
MANDURAH DC,WA,-32.402574,115.749186
WAROONA LPO,WA,-32.880761,115.92388
HARVEY POST SHOP,WA,-32.955564,115.899665
BRUNSWICK LPO,WA,-33.234958,115.914238
BRUNSWICK JUNCTION,WA,-33.25194,115.82028
COLLIE,WA,-33.337529,116.098061
BUNBURY DC,WA,-33.290377,115.827524
DARDANUP LPO,WA,-33.46778,115.80944
BOYANUP LPO,WA,-33.482745,115.727734
DONNYBROOK LPO,WA,-33.548215,115.766342
BOYUP BROOK LPO,WA,-33.832927,116.388416
BALINGUP LPO,WA,-33.786518,115.98381
GREENBUSHES LPO,WA,-33.848791,116.058769
BRIDGETOWN,WA,-33.79361,116.29583
MANJIMUP POST SHOP,WA,-34.227522,116.203528
PEMBERTON LPO,WA,-34.349615,115.935794
NORTHCLIFFE LPO,WA,-34.686036,116.213448
CAPEL LPO,WA,-33.557565,115.558897
NANNUP LPO,WA,-33.836425,115.66169
BUSSELTON DC,WA,-33.684878,115.463341
DUNSBOROUGH LPO,WA,-33.615893,115.10657
YALLINGUP LPO,WA,-33.645861,115.032126
COWARAMUP LPO,WA,-33.865006,115.424214
MARGARET RIVER,WA,-33.913943,115.025727
WITCHCLIFFE LPO,WA,-34.13139,115.05389
KARRIDALE LPO,WA,-34.160621,115.199569
AUGUSTA LPO,WA,-34.315942,115.159731
YORK LPO,WA,-31.846267,117.011892
BEVERLEY LPO,WA,-32.183978,117.116351
BROOKTON LPO,WA,-32.374225,117.305815
PINGELLY LPO,WA,-32.67944,116.82194
NARROGIN,WA,-32.63306,117.26028
CUBALLING LPO,WA,-32.76556,117.31056
WAGIN LPO,WA,-33.338053,117.034172
WOODANILLING LPO,WA,-33.497786,117.410324
KATANNING POST SHOP,WA,-33.633615,117.898909
BROOMEHILL LPO,WA,-33.845435,117.638574
TAMBELLUP LPO,WA,-34.00806,117.56389
CRANBROOK LPO,WA,-34.295645,117.555407
MOUNT BARKER LPO,WA,-34.364235,117.560022
ALBANY DC,WA,-34.886188,117.693365
DENMARK,WA,-34.967779,116.953419
GNOWANGERUP LPO,WA,-33.937265,118.007915
ONGERUP LPO,WA,-34.095298,118.55156
JERRAMUNGUP LPO,WA,-33.753403,119.456942
BORDEN LPO,WA,-34.238467,118.220878
NYABING LPO,WA,-33.54048,118.14862
PINGRUP LPO,WA,-33.650048,118.51982
RAVENSTHORPE LPO,WA,-34.065324,119.594881
DUMBLEYUNG LPO,WA,-33.314668,117.739924
KUKERIN LPO,WA,-33.188072,118.084827
LAKE GRACE LPO,WA,-33.015389,118.661885
NEWDEGATE LPO,WA,-33.425931,119.524863
LAKE KING LPO,WA,-33.094628,119.661601
KARLGARIN LPO,WA,-32.497849,118.710042
HYDEN LPO,WA,-32.43944,119.7775
KULIN LPO,WA,-32.68361,118.43833
KONDININ LPO,WA,-32.495204,118.267818
NAREMBEEN LPO,WA,-32.206644,118.334193
WICKEPIN LPO,WA,-32.77417,117.7075
CORRIGIN LPO,WA,-32.249413,117.72485
QUAIRADING LPO,WA,-31.903057,117.44455
BODDINGTON LPO,WA,-32.673514,116.515171
WILLIAMS LPO,WA,-33.042802,116.567636
KOJONUP LPO,WA,-33.56611,117.03194
FRANKLAND LPO,WA,-34.305719,116.978389
WALPOLE LPO,WA,-34.915218,116.465109
NORTHAM POST SHOP,WA,-31.542525,116.61072
MECKERING LPO,WA,-31.50639,116.94222
CUNDERDIN LPO,WA,-31.651484,117.23437
TAMMIN LPO,WA,-31.51972,117.43111
KELLERBERRIN LPO,WA,-31.623099,117.591223
MERREDIN POST SHOP,WA,-31.468945,118.154649
BRUCE ROCK LPO,WA,-31.877222,118.148822
SOUTHERN CROSS LPO,WA,-31.55778,119.14694
COOLGARDIE LPO,WA,-30.95306,120.15778
KALGOORLIE DC,WA,-30.805,121.37556
MENZIES CPA,WA,-29.691504,121.029042
LEINSTER LPO,WA,-27.451985,120.545063
LEONORA LPO,WA,-27.79056,121.58028
LAVERTON LPO,WA,-27.91009,122.327326
KAMBALDA LPO,WA,-31.208026,121.618365
NORSEMAN LPO,WA,-32.466106,123.832359
ESPERANCE POST SHOP,WA,-32.91,121.10083
GOOMALLING LPO,WA,-31.298531,116.826959
DOWERIN LPO,WA,-31.195622,117.031905
WYALKATCHEM LPO,WA,-31.141869,117.288577
KALANNIE LPO,WA,-30.10833,117.20889
BEACON LPO,WA,-30.451404,117.865646
MUKINBUDIN LPO,WA,-30.33139,118.22306
KOORDA LPO,WA,-30.691457,117.274368
BENCUBBIN LPO,WA,-30.799257,117.679456
MUCHEA LPO,WA,-31.604231,115.985004
BINDOON LPO,WA,-31.385163,116.096186
GINGIN LPO,WA,-31.419695,115.9014
WANNAMAL CPA,WA,-31.173278,115.931415
MOGUMBER CPA,WA,-31.0235,115.962385
DANDARAGAN LPO,WA,-30.736585,115.54195
NEW NORCIA LPO,WA,-30.886908,116.244326
MOORA LPO,WA,-30.729825,116.026509
WATHEROO LPO,WA,-30.145253,116.076219
LEEMAN LPO,WA,-30.063852,114.968731
COOROW LPO,WA,-29.882389,116.02162
JURIEN LPO,WA,-30.307885,115.03648
CARNAMAH LPO,WA,-29.688487,115.886125
ENEABBA LPO,WA,-29.817799,115.267594
THREE SPRINGS LPO,WA,-29.440061,115.628368
BADGINGARRA LPO,WA,-30.387022,115.496702
MINGENEW LPO,WA,-29.29944,115.49222
DONGARA LPO,WA,-29.047262,115.029078
WALKAWAY LPO,WA,-28.9825,114.9075
GERALDTON DC,WA,-28.788893,114.59948
NORTHAMPTON LPO,WA,-28.233375,114.693575
KALBARRI LPO,WA,-27.710568,114.164418
DENHAM LPO,WA,-25.927885,113.533715
CHIDLOW LPO,WA,-31.860734,116.315042
WOOROLOO LPO,WA,-31.804012,116.312779
WUNDOWIE LPO,WA,-31.753412,116.385152
BAKERS HILL LPO,WA,-31.747506,116.459591
CLACKLINE CPA,WA,-31.719218,116.506842
TOODYAY LPO,WA,-31.383465,116.533656
WONGAN HILLS LPO,WA,-31.010506,116.761929
BALLIDU LPO,WA,-30.600411,116.772852
DALWALLINU LPO,WA,-30.27811,116.662428
PERENJORI LPO,WA,-29.443139,116.288189
MORAWA LPO,WA,-29.330125,116.152284
MULLEWA LPO,WA,-28.644761,115.478764
YALGOO CPA,WA,-27.316335,116.571226
MOUNT MAGNET LPO,WA,-28.4825,118.16833
CUE LPO,WA,-27.4231,117.898965
MEEKATHARRA LPO,WA,-24.078602,118.010422
WILUNA LPO,WA,-26.344277,122.256427
CARNARVON POST SHOP,WA,-24.874403,113.632427
EXMOUTH LPO,WA,-22.158615,113.920333
ONSLOW LPO,WA,-22.095,115.85528
PERTH MAIL CENTRE,WA,-20.86322,115.407403
DAMPIER LPO,WA,-20.661726,116.707075
KARRATHA,WA,-20.542672,116.757451
PANNAWONICA LPO,WA,-21.654285,116.129747
ROEBOURNE LPO,WA,-20.77542,117.146619
WICKHAM LPO,WA,-20.67833,117.18861
PORT HEDLAND,WA,-20.786363,118.598409
SOUTH HEDLAND,WA,-20.395562,118.572647
BROOME,WA,-17.914172,122.247317
DERBY LPO,WA,-17.986747,124.178459
DERBY,WA,-17.304811,123.632488
KUNUNURRA POST SHOP,WA,-15.174208,128.550721
TOM PRICE LPO,WA,-21.905,118.09056
NEWMAN POST SHOP,WA,-23.357288,119.737169
PARABURDOO LPO,WA,-23.168811,117.74817
NULLAGINE LPO,WA,-21.91096,120.197457
MARBLE BAR LPO,WA,-21.171437,119.743907
TELFER LPO,WA,-21.713675,122.230159
FITZROY CROSSING LPO,WA,-18.194162,125.568887
HALLS CREEK LPO,WA,-18.224393,127.66743
CHRISTMAS ISLAND LPO,WA,-10.487053,105.64067
COCOS (KEELING) ISLANDS LPO,WA,-12.169719,96.83152
PERTH CLOISTERS SQUARE RP,WA,-33.663414,115.332906
EAST PERTH BC,WA,-31.777103,115.817894
WEST LEEDERVILLE LPO,WA,-31.944548,115.875924
SUBIACO,WA,-31.943654,115.834628
NORTH PERTH,WA,-31.982001,115.760961
CLAREMONT,WA,-31.981493,115.774504
MOSMAN PARK LPO,WA,-32.011748,115.763135
BALCATTA LPO,WA,-31.861596,115.815211
MOUNT HAWTHORN,WA,-31.954127,115.848262
OSBORNE PARK,WA,-31.885883,115.804802
NORTH BEACH LPO,WA,-31.859408,115.775442
KARRINYUP,WA,-31.882332,115.791881
SCARBOROUGH,WA,-31.901385,115.79501
GREENWOOD,WA,-32.559825,115.797347
KALAMUNDA,WA,-31.939027,116.012518
MOUNT LAWLEY,WA,-31.954127,115.848262
BAYSWATER LPO,WA,-31.907152,115.896545
BASSENDEAN,WA,-31.915103,115.921101
GUILDFORD LPO,WA,-31.923723,115.921132
TUART HILL LPO,WA,-31.896748,115.846807
MIRRABOOKA,WA,-31.842045,115.855186
MALAGA LPO,WA,-31.864862,115.895533
WANNEROO,WA,-31.617559,115.715081
SOUTH PERTH,WA,-32.068705,115.821722
COMO LPO,WA,-31.891696,115.817919
MELVILLE,WA,-31.988065,115.853588
FREMANTLE,WA,-32.067114,115.986396
HAMILTON HILL,WA,-32.076945,115.788706
SOUTH LAKE LPO,WA,-32.022746,115.860179
KWINANA,WA,-32.143195,115.859834
ROCKINGHAM,WA,-32.107766,115.782689
ROCKINGHAM BEACH LPO,WA,-32.264021,115.745072
VICTORIA PARK,WA,-31.954583,115.896195
VICTORIA PARK EAST,WA,-31.951832,115.876964
BENTLEY,WA,-31.869817,116.169125
BELMONT LPO,WA,-31.965766,115.933458
CLOVERDALE,WA,-33.625285,115.600155
THORNLIE,WA,-32.050009,115.964764
MADDINGTON,WA,-32.039597,116.009575
GOSNELLS,WA,-32.060407,116.008461
ARMADALE,WA,-31.964503,115.920395
WESTERN SHORE DC,TAS,-42.874031,147.326354
SANDY BAY,TAS,-42.908108,147.344395
EASTERN SHORE DC,TAS,-42.836405,147.350958
SORELL DC,TAS,-42.787354,147.416285
KINGSTON DC,TAS,-42.956086,147.322982
HUONVILLE,TAS,-42.963329,147.078587
NEW NORFOLK DC,TAS,-42.726483,147.030188
CASEY CPA,TAS,-41.518719,146.64266
DAVIS CPA,TAS,-41.028505,146.952733
MACQUARIE CPA,TAS,-42.885584,147.326511
MAWSON CPA,TAS,-41.056407,145.847962
SORELL,TAS,-42.825699,147.859721
LONGFORD,TAS,-42.214948,147.780288
ST HELENS,TAS,-41.304515,148.316711
LAUNCESTON DC,TAS,-41.415798,147.133782
PROSPECT LPO,TAS,-41.483663,147.125578
GEORGE TOWN,TAS,-41.02797,146.951248
WHITEMARK LPO,TAS,-40.041015,147.94561
CURRIE,TAS,-39.7806,143.904354
SCOTTSDALE,TAS,-40.391808,148.232722
STATE PC,TAS,-41.527814,147.187315
BEACONSFIELD,TAS,-41.101676,146.674021
DELORAINE,TAS,-41.502702,147.062503
LATROBE,TAS,-41.343613,146.473493
SHEFFIELD,TAS,-41.280491,146.324953
DEVONPORT DC,TAS,-41.185628,146.61064
ULVERSTONE DC,TAS,-41.211306,146.175577
PENGUIN,TAS,-41.167417,145.966402
BURNIE DC,TAS,-41.070069,145.893987
WYNYARD,TAS,-41.07007,145.629108
SMITHTON,TAS,-40.934871,145.185229
QUEENSTOWN,TAS,-42.071594,145.597453
EAST MELBOURNE RP,VIC,-38.105449,145.147855
ST KILDA ROAD RP,VIC,-37.836219,144.975549
WORLD TRADE CENTRE,VIC,-37.822262,144.954856
MELBOURNE A'BECKETT STREET,VIC,-37.809696,144.959314
MELBOURNE FLINDERS LANE,VIC,-37.817201,144.964531
MELBOURNE LAW COURTS RP,VIC,-38.185857,146.293728
MELBOURNE GPO,VIC,-37.811301,144.961819
STATE MC,VIC,-38.365017,144.76592
NORTH MELBOURNE DC,VIC,-37.905996,145.056254
CARLTON SOUTH,VIC,-37.960325,145.215601
BRUNSWICK DC,VIC,-37.794105,144.979191
HEIDELBERG WEST,VIC,-37.764016,145.044798
